callout_group,hex_code,lineage
BQ.1.1,#00838F,BQ.1.1.25
BQ.1.1,#00838F,BQ.1.1.26
BQ.1.1,#00838F,BQ.1.1.27
BQ.1.1,#00838F,BQ.1.1.28
BQ.1.1,#00838F,BQ.1.1.29
BQ.1.1,#00838F,BQ.1.1.3
BQ.1.1,#00838F,BQ.1.1.30
BQ.1.1,#00838F,BQ.1.1.31
BQ.1.1,#00838F,BQ.1.1.32
BQ.1.1,#00838F,BQ.1.1.34
BQ.1.1,#00838F,BQ.1.1.35
BQ.1.1,#00838F,BQ.1.1.36
BQ.1.1,#00838F,BQ.1.1.37
BQ.1.1,#00838F,BQ.1.1.38
BQ.1.1,#00838F,BQ.1.1.39
BQ.1.1,#00838F,BQ.1.1.4
BQ.1.1,#00838F,BQ.1.1.40
BQ.1.1,#00838F,BQ.1.1.41
BQ.1.1,#00838F,BQ.1.1.42
BQ.1.1,#00838F,BQ.1.1.43
BQ.1.1,#00838F,BQ.1.1.44
BQ.1.1,#00838F,BQ.1.1.45
BQ.1.1,#00838F,BQ.1.1.46
BQ.1.1,#00838F,BQ.1.1.47
BQ.1.1,#00838F,BQ.1.1.48
BQ.1.1,#00838F,BQ.1.1.49
BQ.1.1,#00838F,BQ.1.1.5
BQ.1.1,#00838F,BQ.1.1.50
BQ.1.1,#00838F,BQ.1.1.51
BQ.1.1,#00838F,BQ.1.1.52
BQ.1.1,#00838F,BQ.1.1.53
BQ.1.1,#00838F,BQ.1.1.54
BQ.1.1,#00838F,BQ.1.1.55
BQ.1.1,#00838F,BQ.1.1.56
BQ.1.1,#00838F,BQ.1.1.57
BQ.1.1,#00838F,BQ.1.1.58
BQ.1.1,#00838F,BQ.1.1.59
BQ.1.1,#00838F,BQ.1.1.6
BQ.1.1,#00838F,BQ.1.1.60
BQ.1.1,#00838F,BQ.1.1.61
BQ.1.1,#00838F,BQ.1.1.62
BQ.1.1,#00838F,BQ.1.1.63
BQ.1.1,#00838F,BQ.1.1.64
BQ.1.1,#00838F,BQ.1.1.65
BQ.1.1,#00838F,BQ.1.1.66
BQ.1.1,#00838F,BQ.1.1.67
BQ.1.1,#00838F,BQ.1.1.68
BQ.1.1,#00838F,BQ.1.1.69
BQ.1.1,#00838F,BQ.1.1.7
BQ.1.1,#00838F,BQ.1.1.70
BQ.1.1,#00838F,BQ.1.1.71
BQ.1.1,#00838F,BQ.1.1.72
BQ.1.1,#00838F,BQ.1.1.8
BQ.1.1,#00838F,BQ.1.1.9
BQ.1,#006064,BQ.1.10
BQ.1,#006064,BQ.1.10.1
BQ.1,#006064,BQ.1.10.2
BQ.1,#006064,BQ.1.10.3
BQ.1,#006064,BQ.1.11
BQ.1,#006064,BQ.1.11.1
BQ.1,#006064,BQ.1.12
BQ.1,#006064,BQ.1.13
BQ.1,#006064,BQ.1.13.1
BQ.1,#006064,BQ.1.14
BQ.1,#006064,BQ.1.15
BQ.1,#006064,BQ.1.15.1
BQ.1,#006064,BQ.1.15.2
BQ.1,#006064,BQ.1.16
BQ.1,#006064,BQ.1.17
BQ.1,#006064,BQ.1.18
BQ.1,#006064,BQ.1.19
BQ.1,#006064,BQ.1.2
BQ.1,#006064,BQ.1.2.1
BQ.1,#006064,BQ.1.20
BQ.1,#006064,BQ.1.21
BQ.1,#006064,BQ.1.22
BQ.1,#006064,BQ.1.23
BQ.1,#006064,BQ.1.24
BQ.1,#006064,BQ.1.25
BQ.1,#006064,BQ.1.25.1
BQ.1,#006064,BQ.1.26
BQ.1,#006064,BQ.1.26.1
BQ.1,#006064,BQ.1.26.2
BQ.1,#006064,BQ.1.27
BQ.1,#006064,BQ.1.28
BQ.1,#006064,BQ.1.29
BQ.1,#006064,BQ.1.3
BQ.1,#006064,BQ.1.30
BQ.1,#006064,BQ.1.31
BQ.1,#006064,BQ.1.32
BQ.1,#006064,BQ.1.4
BQ.1,#006064,BQ.1.5
BQ.1,#006064,BQ.1.6
BQ.1,#006064,BQ.1.7
BQ.1,#006064,BQ.1.8
BQ.1,#006064,BQ.1.8.1
BQ.1,#006064,BQ.1.8.2
BQ.1,#006064,BQ.1.9
BA.5,#80CBC4,BQ.2
BA.2.75,#D4E157,BR.1
BA.2.75,#D4E157,BR.1.1
BA.2.75,#D4E157,BR.1.2
BA.2.75,#D4E157,BR.2
BA.2.75,#D4E157,BR.2.1
BA.2.75,#D4E157,BR.3
BA.2.75,#D4E157,BR.4
BA.2.75,#D4E157,BR.5
BA.2,#9CCC65,BS.1
BA.2,#9CCC65,BS.1.1
BA.2,#9CCC65,BS.1.2
BA.5,#80CBC4,BT.1
BA.5,#80CBC4,BT.2
BA.5,#80CBC4,BU.1
BA.5,#80CBC4,BU.2
BA.5,#80CBC4,BU.3
BA.5,#80CBC4,BV.1
BA.5,#80CBC4,BV.2
BA.5,#80CBC4,BW.1
BA.5,#80CBC4,BW.1.1
BA.5,#80CBC4,BW.1.1.1
BA.5,#80CBC4,BW.1.1.2
BA.5,#80CBC4,BW.1.2
BA.2.75,#D4E157,BY.1
BA.2.75,#D4E157,BY.1.1
BA.2.75,#D4E157,BY.1.1.1
BA.2.75,#D4E157,BY.1.2
BA.2.75,#D4E157,BY.1.2.1
BA.5,#80CBC4,BZ.1
BA.5,#80CBC4,BZ.2
Other,#152D44,C.1
Other,#152D44,C.1.1
Other,#152D44,C.1.2
Other,#152D44,C.10
Other,#152D44,C.11
Other,#152D44,C.12
Other,#152D44,C.13
Other,#152D44,C.14
Other,#152D44,C.16
Other,#152D44,C.17
Other,#152D44,C.18
Other,#152D44,C.19
Other,#152D44,C.2
Other,#152D44,C.2.1
Other,#152D44,C.20
Other,#152D44,C.21
Other,#152D44,C.22
Other,#152D44,C.23
Other,#152D44,C.25
Other,#152D44,C.26
Other,#152D44,C.27
Other,#152D44,C.28
Other,#152D44,C.29
Other,#152D44,C.3
Other,#152D44,C.30
Other,#152D44,C.30.1
Other,#152D44,C.31
Other,#152D44,C.32
Other,#152D44,C.33
Other,#152D44,C.34
Other,#152D44,C.35
Other,#152D44,C.36
Other,#152D44,C.36.1
Other,#152D44,C.36.2
Other,#152D44,C.36.3
Other,#152D44,C.36.3.1
Other,#152D44,C.37
Other,#152D44,C.37.1
Other,#152D44,C.38
Other,#152D44,C.39
Other,#152D44,C.4
Other,#152D44,C.40
Other,#152D44,C.5
Other,#152D44,C.6
Other,#152D44,C.7
Other,#152D44,C.8
Other,#152D44,C.9
BA.2.75.2,#C0CA33,CA.1
BA.2.75.2,#C0CA33,CA.2
BA.2.75.2,#C0CA33,CA.3
BA.2.75.2,#C0CA33,CA.3.1
BA.2.75.2,#C0CA33,CA.4
BA.2.75.2,#C0CA33,CA.5
BA.2.75.2,#C0CA33,CA.6
BA.2.75.2,#C0CA33,CA.7
BA.2.75,#D4E157,CB.1
BA.5,#80CBC4,CC.1
BA.5,#80CBC4,CD.1
BA.5,#80CBC4,CD.2
BA.5,#80CBC4,CE.1
BA.5,#80CBC4,CF.1
BA.5,#80CBC4,CG.1
BA.2.75,#D4E157,CH.1
CH.1.1,#827717,CH.1.1
CH.1.1,#827717,CH.1.1.1
CH.1.1,#827717,CH.1.1.10
CH.1.1,#827717,CH.1.1.11
CH.1.1,#827717,CH.1.1.12
CH.1.1,#827717,CH.1.1.13
CH.1.1,#827717,CH.1.1.14
CH.1.1,#827717,CH.1.1.15
CH.1.1,#827717,CH.1.1.16
CH.1.1,#827717,CH.1.1.17
CH.1.1,#827717,CH.1.1.18
CH.1.1,#827717,CH.1.1.19
CH.1.1,#827717,CH.1.1.2
CH.1.1,#827717,CH.1.1.20
CH.1.1,#827717,CH.1.1.21
CH.1.1,#827717,CH.1.1.22
CH.1.1,#827717,CH.1.1.3
CH.1.1,#827717,CH.1.1.4
CH.1.1,#827717,CH.1.1.5
CH.1.1,#827717,CH.1.1.6
CH.1.1,#827717,CH.1.1.7
CH.1.1,#827717,CH.1.1.8
CH.1.1,#827717,CH.1.1.9
BA.2.75,#D4E157,CH.2
BA.2.75,#D4E157,CH.3
BA.2.75,#D4E157,CH.3.1
BA.2.75,#D4E157,CJ.1
BA.2.75,#D4E157,CJ.1.1
BA.5,#80CBC4,CK.1
BA.5,#80CBC4,CK.1.1
BA.5,#80CBC4,CK.1.2
BA.5,#80CBC4,CK.2
BA.5,#80CBC4,CK.2.1
BA.5,#80CBC4,CK.2.1.1
BA.5,#80CBC4,CK.3
BA.5,#80CBC4,CL.1
BA.5,#80CBC4,CL.1.1
BA.5,#80CBC4,CL.1.2
BA.5,#80CBC4,CL.1.3
BA.2,#9CCC65,CM.1
BA.2,#9CCC65,CM.10
BA.2,#9CCC65,CM.11
BA.2,#9CCC65,CM.12
BA.2,#9CCC65,CM.2
BA.2,#9CCC65,CM.2.1
BA.2,#9CCC65,CM.3
BA.2,#9CCC65,CM.4
BA.2,#9CCC65,CM.4.1
BA.2,#9CCC65,CM.5
BA.2,#9CCC65,CM.5.1
BA.2,#9CCC65,CM.5.2
BA.2,#9CCC65,CM.6
BA.2,#9CCC65,CM.6.1
BA.2,#9CCC65,CM.7
BA.2,#9CCC65,CM.8
BA.2,#9CCC65,CM.8.1
BA.2,#9CCC65,CM.8.1.1
BA.2,#9CCC65,CM.8.1.2
BA.2,#9CCC65,CM.8.1.3
BA.2,#9CCC65,CM.8.1.4
BA.2,#9CCC65,CM.9
BA.5,#80CBC4,CN.1
BA.5,#80CBC4,CN.2
BA.5.2.6,#009688,CP.1
BA.5.2.6,#009688,CP.1.1
BA.5.2.6,#009688,CP.1.2
BA.5.2.6,#009688,CP.1.3
BA.5.2.6,#009688,CP.2
BA.5.2.6,#009688,CP.3
BA.5.2.6,#009688,CP.4
BA.5.2.6,#009688,CP.5
BA.5.2.6,#009688,CP.6
BA.5.2.6,#009688,CP.7
BA.5.2.6,#009688,CP.8
BA.5.2.6,#009688,CP.8.1
BA.5,#80CBC4,CQ.1
BA.5,#80CBC4,CQ.1.1
BA.5,#80CBC4,CQ.2
BA.5,#80CBC4,CR.1
BA.5,#80CBC4,CR.1.1
BA.5,#80CBC4,CR.1.2
BA.5,#80CBC4,CR.1.3
BA.5,#80CBC4,CR.2
BA.4,#FFD54F,CS.1
BA.5,#80CBC4,CT.1
BA.5,#80CBC4,CU.1
BA.2.75,#D4E157,CV.1
BA.2.75,#D4E157,CV.2
BQ.1.1,#00838F,CW.1
BA.5,#80CBC4,CY.1
BA.5,#80CBC4,CY.2
BQ.1.1,#00838F,CZ.1
BQ.1.1,#00838F,CZ.2
Other,#152D44,D.2
Other,#152D44,D.3
Other,#152D44,D.4
Other,#152D44,D.5
BA.5,#80CBC4,DA.1
BA.5,#80CBC4,DB.1
BA.5,#80CBC4,DB.2
BA.5,#80CBC4,DB.3
BA.4.6,#FFB300,DC.1
BA.2,#9CCC65,DD.1
BA.5,#80CBC4,DE.1
BA.5,#80CBC4,DE.2
BA.5,#80CBC4,DF.1
BA.5,#80CBC4,DF.1.1
BA.5,#80CBC4,DG.1
BA.5,#80CBC4,DH.1
BA.5,#80CBC4,DJ.1
BA.5,#80CBC4,DJ.1.1
BA.5,#80CBC4,DJ.1.1.1
BA.5,#80CBC4,DJ.1.2
BA.5,#80CBC4,DJ.1.3
BQ.1.1,#00838F,DK.1
BA.5,#80CBC4,DL.1
BQ.1.1,#00838F,DM.1
BQ.1.1,#00838F,DN.1
BQ.1.1,#00838F,DN.1.1
BQ.1.1,#00838F,DN.1.1.1
BQ.1.1,#00838F,DN.1.1.2
BQ.1.1,#00838F,DN.1.1.3
BQ.1.1,#00838F,DN.1.1.4
BQ.1.1,#00838F,DP.1
BA.5,#80CBC4,DQ.1
BQ.1.1,#00838F,DR.1
BQ.1.1,#00838F,DR.2
BN.1,#9E9D24,DS.1
BN.1,#9E9D24,DS.2
BN.1,#9E9D24,DS.3
BQ.1.1,#00838F,DT.1
BQ.1.1,#00838F,DT.2
BQ.1.1,#00838F,DT.3
BQ.1.1,#00838F,DU.1
CH.1.1,#827717,DV.1
CH.1.1,#827717,DV.1.1
CH.1.1,#827717,DV.2
CH.1.1,#827717,DV.3
CH.1.1,#827717,DV.3.1
CH.1.1,#827717,DV.4
CH.1.1,#827717,DV.5
BA.5,#80CBC4,DW.1
BA.5,#80CBC4,DY.1
BA.5,#80CBC4,DY.1.1
BA.5,#80CBC4,DY.2
BA.5,#80CBC4,DY.3
BA.5,#80CBC4,DY.4
BA.5,#80CBC4,DZ.1
BA.5,#80CBC4,DZ.2
BQ.1.1,#00838F,EA.1
BQ.1.1,#00838F,EA.2
BA.5,#80CBC4,EB.1
BQ.1,#006064,EC.1
BQ.1,#006064,EC.1.1
BQ.1.1,#00838F,ED.1
BQ.1.1,#00838F,ED.2
BQ.1.1,#00838F,ED.3
BQ.1.1,#00838F,EE.1
BQ.1.1,#00838F,EE.2
BQ.1.1,#00838F,EE.3
BQ.1.1,#00838F,EE.4
BQ.1.1,#00838F,EE.5
BQ.1.1,#00838F,EF.1
BQ.1.1,#00838F,EF.1.1
BQ.1.1,#00838F,EF.1.1.1
BQ.1.1,#00838F,EF.1.2
BQ.1.1,#00838F,EF.1.3
BQ.1.1,#00838F,EF.2
XBB,#9FA8DA,EG.1
BQ.1.1,#00838F,EH.1
BN.1,#9E9D24,EJ.1
BN.1,#9E9D24,EJ.2
XBB.1.5,#3F51B5,EK.1
XBB.1.5,#3F51B5,EK.2
XBB.1.5,#3F51B5,EK.2.1
XBB.1.5,#3F51B5,EK.3
XBB.1.5,#3F51B5,EL.1
XBB.1.5,#3F51B5,EM.1
BQ.1.1,#00838F,EN.1
BA.2.75,#D4E157,EP.1
BA.2.75,#D4E157,EP.2
BA.5,#80CBC4,EQ.1
BQ.1.1,#00838F,ER.1
BQ.1.1,#00838F,ER.1.1
BQ.1.1,#00838F,ES.1
BQ.1.1,#00838F,ET.1
XBB.1.5,#3F51B5,EU.1
XBB.1.5,#3F51B5,EU.1.1
BQ.1.1,#00838F,EV.1
BQ.1.1,#00838F,EW.1
BQ.1.1,#00838F,EW.2
BQ.1.1,#00838F,EW.3
BQ.1.1,#00838F,EY.1
BQ.1.1,#00838F,EZ.1
BQ.1.1,#00838F,FA.1
BQ.1.1,#00838F,FA.2
BQ.1,#006064,FB.1
BQ.1,#006064,FB.2
BQ.1.1,#00838F,FC.1
XBB.1.5,#3F51B5,FD.1
XBB.1.5,#3F51B5,FD.1.1
XBB.1.5,#3F51B5,FD.2
XBB,#9FA8DA,FE.1
BQ.1,#006064,FF.1
XBB.1.5,#3F51B5,FG.1
XBB.1.5,#3F51B5,FG.2
XBB.1.5,#3F51B5,FG.3
XBB.1.5,#3F51B5,FH.1
CH.1.1,#827717,FJ.1
CH.1.1,#827717,FK.1
Other,#152D44,G.1
Other,#152D44,K.1
Other,#152D44,K.2
Other,#152D44,K.3
Other,#152D44,L.1
Other,#152D44,L.2
Other,#152D44,L.3
Other,#152D44,L.4
Other,#152D44,M.1
Other,#152D44,M.2
Other,#152D44,M.3
Other,#152D44,N.1
Other,#152D44,N.10
Other,#152D44,N.2
Other,#152D44,N.3
Other,#152D44,N.4
Other,#152D44,N.5
Other,#152D44,N.6
Other,#152D44,N.7
Other,#152D44,N.8
Other,#152D44,N.9
Other,#152D44,P.1
Other,#152D44,P.1.1
Other,#152D44,P.1.10
Other,#152D44,P.1.10.1
Other,#152D44,P.1.10.2
Other,#152D44,P.1.11
Other,#152D44,P.1.12
Other,#152D44,P.1.12.1
Other,#152D44,P.1.13
Other,#152D44,P.1.14
Other,#152D44,P.1.15
Other,#152D44,P.1.16
Other,#152D44,P.1.17
Other,#152D44,P.1.17.1
Other,#152D44,P.1.2
Other,#152D44,P.1.3
Other,#152D44,P.1.4
Other,#152D44,P.1.5
Other,#152D44,P.1.6
Other,#152D44,P.1.7
Other,#152D44,P.1.7.1
Other,#152D44,P.1.8
Other,#152D44,P.1.9
Other,#152D44,P.2
Other,#152D44,P.3
Other,#152D44,P.4
Other,#152D44,P.5
Other,#152D44,P.6
Other,#152D44,P.7
Other,#152D44,Q.1
Other,#152D44,Q.2
Other,#152D44,Q.3
Other,#152D44,Q.4
Other,#152D44,Q.5
Other,#152D44,Q.6
Other,#152D44,Q.7
Other,#152D44,Q.8
Other,#152D44,R.1
Other,#152D44,R.2
Other,#152D44,S.1
Other,#152D44,U.1
Other,#152D44,U.2
Other,#152D44,U.3
Other,#152D44,V.1
Other,#152D44,V.2
Other,#152D44,W.1
Other,#152D44,W.2
Other,#152D44,W.3
Other,#152D44,W.4
Other,#152D44,XA
Other,#152D44,XAA
Other,#152D44,XAB
Other,#152D44,XAC
Other,#152D44,XAD
Other,#152D44,XAE
Other,#152D44,XAF
Other,#152D44,XAG
Other,#152D44,XAH
Other,#152D44,XAJ
Other,#152D44,XAK
Other,#152D44,XAL
Other,#152D44,XAM
Other,#152D44,XAN
Other,#152D44,XAP
Other,#152D44,XAQ
Other,#152D44,XAR
Other,#152D44,XAS
Other,#152D44,XAT
Other,#152D44,XAU
Other,#152D44,XAV
Other,#152D44,XAW
Other,#152D44,XAY
Other,#152D44,XAY.1
Other,#152D44,XAY.1.1
Other,#152D44,XAY.1.1.1
Other,#152D44,XAY.1.2
Other,#152D44,XAY.2
Other,#152D44,XAY.2.1
Other,#152D44,XAY.2.2
Other,#152D44,XAY.3
Other,#152D44,XAZ
Other,#152D44,XB
Other,#152D44,XBA
XBB,#9FA8DA,XBB
XBB,#9FA8DA,XBB.1
XBB,#9FA8DA,XBB.1.1
XBB,#9FA8DA,XBB.1.10
XBB,#9FA8DA,XBB.1.11
XBB,#9FA8DA,XBB.1.11.1
XBB,#9FA8DA,XBB.1.12
XBB,#9FA8DA,XBB.1.13
XBB,#9FA8DA,XBB.1.14
XBB,#9FA8DA,XBB.1.15
XBB,#9FA8DA,XBB.1.16
XBB,#9FA8DA,XBB.1.16.1
XBB,#9FA8DA,XBB.1.17
XBB,#9FA8DA,XBB.1.17.1
XBB,#9FA8DA,XBB.1.17.2
XBB,#9FA8DA,XBB.1.18
XBB,#9FA8DA,XBB.1.18.1
XBB,#9FA8DA,XBB.1.19
XBB,#9FA8DA,XBB.1.19.1
XBB,#9FA8DA,XBB.1.2
XBB,#9FA8DA,XBB.1.20
XBB,#9FA8DA,XBB.1.21
XBB,#9FA8DA,XBB.1.22
XBB,#9FA8DA,XBB.1.22.1
XBB,#9FA8DA,XBB.1.22.2
XBB,#9FA8DA,XBB.1.23
XBB,#9FA8DA,XBB.1.24
XBB,#9FA8DA,XBB.1.25
XBB,#9FA8DA,XBB.1.26
XBB,#9FA8DA,XBB.1.27
XBB,#9FA8DA,XBB.1.28
XBB,#9FA8DA,XBB.1.29
XBB,#9FA8DA,XBB.1.3
XBB,#9FA8DA,XBB.1.30
XBB,#9FA8DA,XBB.1.4
XBB,#9FA8DA,XBB.1.4.1
XBB.1.5,#3F51B5,XBB.1.5
XBB.1.5.1,#1A237E,XBB.1.5.1
XBB.1.5,#3F51B5,XBB.1.5.10
XBB.1.5,#3F51B5,XBB.1.5.11
XBB.1.5,#3F51B5,XBB.1.5.12
XBB.1.5,#3F51B5,XBB.1.5.13
XBB.1.5,#3F51B5,XBB.1.5.14
XBB.1.5,#3F51B5,XBB.1.5.15
XBB.1.5,#3F51B5,XBB.1.5.16
XBB.1.5,#3F51B5,XBB.1.5.17
XBB.1.5,#3F51B5,XBB.1.5.18
XBB.1.5,#3F51B5,XBB.1.5.19
XBB.1.5,#3F51B5,XBB.1.5.2
XBB.1.5,#3F51B5,XBB.1.5.20
XBB.1.5,#3F51B5,XBB.1.5.21
XBB.1.5,#3F51B5,XBB.1.5.22
XBB.1.5,#3F51B5,XBB.1.5.23
XBB.1.5,#3F51B5,XBB.1.5.24
XBB.1.5,#3F51B5,XBB.1.5.25
XBB.1.5,#3F51B5,XBB.1.5.26
XBB.1.5,#3F51B5,XBB.1.5.27
XBB.1.5,#3F51B5,XBB.1.5.28
XBB.1.5,#3F51B5,XBB.1.5.29
XBB.1.5,#3F51B5,XBB.1.5.3
XBB.1.5,#3F51B5,XBB.1.5.30
XBB.1.5,#3F51B5,XBB.1.5.31
XBB.1.5,#3F51B5,XBB.1.5.32
XBB.1.5,#3F51B5,XBB.1.5.33
XBB.1.5,#3F51B5,XBB.1.5.34
XBB.1.5,#3F51B5,XBB.1.5.35
XBB.1.5,#3F51B5,XBB.1.5.36
XBB.1.5,#3F51B5,XBB.1.5.37
XBB.1.5,#3F51B5,XBB.1.5.38
XBB.1.5,#3F51B5,XBB.1.5.39
XBB.1.5,#3F51B5,XBB.1.5.4
XBB.1.5,#3F51B5,XBB.1.5.5
XBB.1.5,#3F51B5,XBB.1.5.6
XBB.1.5,#3F51B5,XBB.1.5.7
XBB.1.5,#3F51B5,XBB.1.5.8
XBB.1.5,#3F51B5,XBB.1.5.9
XBB,#9FA8DA,XBB.1.6
XBB,#9FA8DA,XBB.1.7
XBB,#9FA8DA,XBB.1.8
XBB,#9FA8DA,XBB.1.9
XBB.1.9.1,#304FFE,XBB.1.9.1
XBB,#9FA8DA,XBB.1.9.2
XBB,#9FA8DA,XBB.1.9.3
XBB,#9FA8DA,XBB.1.9.4
XBB,#9FA8DA,XBB.1.9.5
XBB,#9FA8DA,XBB.2
XBB,#9FA8DA,XBB.2.1
XBB,#9FA8DA,XBB.2.2
XBB,#9FA8DA,XBB.2.3
XBB,#9FA8DA,XBB.2.3.1
XBB,#9FA8DA,XBB.2.3.2
XBB,#9FA8DA,XBB.2.4
XBB,#9FA8DA,XBB.2.5
XBB,#9FA8DA,XBB.2.6
XBB,#9FA8DA,XBB.2.7
XBB,#9FA8DA,XBB.2.7.1
XBB,#9FA8DA,XBB.2.8
XBB,#9FA8DA,XBB.3
XBB,#9FA8DA,XBB.3.1
XBB,#9FA8DA,XBB.3.2
XBB,#9FA8DA,XBB.3.3
XBB,#9FA8DA,XBB.4
XBB,#9FA8DA,XBB.4.1
XBB,#9FA8DA,XBB.5
XBB,#9FA8DA,XBB.6
XBB,#9FA8DA,XBB.6.1
XBB,#9FA8DA,XBB.7
XBB,#9FA8DA,XBB.8
Other,#152D44,XBC
Other,#152D44,XBC.1
Other,#152D44,XBC.1.1
Other,#152D44,XBC.1.1.1
Other,#152D44,XBC.1.2
Other,#152D44,XBC.1.2.1
Other,#152D44,XBC.1.3
Other,#152D44,XBC.1.4
Other,#152D44,XBC.1.5
Other,#152D44,XBC.1.6
Other,#152D44,XBC.2
Other,#152D44,XBC.2.1
Other,#152D44,XBD
Other,#152D44,XBE
Other,#152D44,XBF
Other,#152D44,XBF.1
Other,#152D44,XBF.2
Other,#152D44,XBF.3
Other,#152D44,XBF.4
Other,#152D44,XBF.5
Other,#152D44,XBF.6
Other,#152D44,XBF.7
Other,#152D44,XBF.7.1
Other,#152D44,XBF.8
Other,#152D44,XBF.8.1
Other,#152D44,XBF.9
Other,#152D44,XBG
Other,#152D44,XBH
Other,#152D44,XBJ
Other,#152D44,XBJ.1
Other,#152D44,XBJ.1.1
Other,#152D44,XBJ.2
Other,#152D44,XBJ.3
Other,#152D44,XBJ.4
Other,#152D44,XBK
Other,#152D44,XBK.1
Other,#152D44,XBL
Other,#152D44,XBM
Other,#152D44,XBN
Other,#152D44,XBP
Other,#152D44,XBQ
Other,#152D44,XBR
Other,#152D44,XBS
Other,#152D44,XBT
Other,#152D44,XBU
Other,#152D44,XBV
Other,#152D44,XBW
Other,#152D44,XBY
Other,#152D44,XBZ
Other,#152D44,XC
Other,#152D44,XD
Other,#152D44,XE
Other,#152D44,XF
Other,#152D44,XG
Other,#152D44,XH
Other,#152D44,XJ
Other,#152D44,XK
Other,#152D44,XL
Other,#152D44,XM
Other,#152D44,XN
Other,#152D44,XP
Other,#152D44,XQ
Other,#152D44,XR
Other,#152D44,XS
Other,#152D44,XT
Other,#152D44,XU
Other,#152D44,XV
Other,#152D44,XW
Other,#152D44,XY
Other,#152D44,XZ
Other,#152D44,Y.1
Other,#152D44,Z.1
Other,#152D44,Other
Other,#152D44,B.1.619
Other,#152D44,B.1.619.1
Other,#152D44,B.1.620
Other,#152D44,B.1.621
Other,#152D44,B.1.621.1
Other,#152D44,B.1.621.2
Other,#152D44,B.1.622
Other,#152D44,B.1.623
Other,#152D44,B.1.625
Other,#152D44,B.1.626
Other,#152D44,B.1.627
Other,#152D44,B.1.629
Other,#152D44,B.1.630
Other,#152D44,B.1.631
Other,#152D44,B.1.632
Other,#152D44,B.1.633
Other,#152D44,B.1.634
Other,#152D44,B.1.635
Other,#152D44,B.1.636
Other,#152D44,B.1.637
Other,#152D44,B.1.637.1
Other,#152D44,B.1.638
Other,#152D44,B.1.639
Other,#152D44,B.1.640
Other,#152D44,B.1.640.1
Other,#152D44,B.1.640.2
Other,#152D44,B.1.641
Other,#152D44,B.1.67
Other,#152D44,B.1.69
Other,#152D44,B.1.70
Other,#152D44,B.1.76
Other,#152D44,B.1.77
Other,#152D44,B.1.78
Other,#152D44,B.1.8
Other,#152D44,B.1.81
Other,#152D44,B.1.83
Other,#152D44,B.1.84
Other,#152D44,B.1.9
Other,#152D44,B.1.9.1
Other,#152D44,B.1.9.2
Other,#152D44,B.1.9.3
Other,#152D44,B.1.9.4
Other,#152D44,B.1.9.5
Other,#152D44,B.1.91
Other,#152D44,B.1.93
Other,#152D44,B.1.94
Other,#152D44,B.1.96
Other,#152D44,B.1.97
Other,#152D44,B.10
Other,#152D44,B.11
Other,#152D44,B.12
Other,#152D44,B.13
Other,#152D44,B.15
Other,#152D44,B.18
Other,#152D44,B.19
Other,#152D44,B.20
Other,#152D44,B.23
Other,#152D44,B.26
Other,#152D44,B.27
Other,#152D44,B.28
Other,#152D44,B.29
Other,#152D44,B.3
Other,#152D44,B.3.1
Other,#152D44,B.30
Other,#152D44,B.31
Other,#152D44,B.32
Other,#152D44,B.33
Other,#152D44,B.34
Other,#152D44,B.35
Other,#152D44,B.36
Other,#152D44,B.37
Other,#152D44,B.38
Other,#152D44,B.39
Other,#152D44,B.4
Other,#152D44,B.4.1
Other,#152D44,B.4.2
Other,#152D44,B.4.4
Other,#152D44,B.4.5
Other,#152D44,B.4.6
Other,#152D44,B.4.7
Other,#152D44,B.4.8
Other,#152D44,B.40
Other,#152D44,B.41
Other,#152D44,B.42
Other,#152D44,B.43
Other,#152D44,B.44
Other,#152D44,B.45
Other,#152D44,B.46
Other,#152D44,B.47
Other,#152D44,B.49
Other,#152D44,B.5
Other,#152D44,B.50
Other,#152D44,B.51
Other,#152D44,B.52
Other,#152D44,B.53
Other,#152D44,B.55
Other,#152D44,B.56
Other,#152D44,B.57
Other,#152D44,B.58
Other,#152D44,B.6
Other,#152D44,B.6.1
Other,#152D44,B.6.2
Other,#152D44,B.6.3
Other,#152D44,B.6.4
Other,#152D44,B.6.5
Other,#152D44,B.6.6
Other,#152D44,B.6.8
Other,#152D44,B.60
Other,#152D44,B.61
B.1.1.529,#E26028,BA.1
BA.1.1,#FF824C,BA.1.1
BA.1.1,#FF824C,BA.1.1.1
BA.1.1,#FF824C,BA.1.1.10
BA.1.1,#FF824C,BA.1.1.11
BA.1.1,#FF824C,BA.1.1.12
BA.1.1,#FF824C,BA.1.1.13
BA.1.1,#FF824C,BA.1.1.14
BA.1.1,#FF824C,BA.1.1.15
BA.1.1,#FF824C,BA.1.1.16
BA.1.1,#FF824C,BA.1.1.17
BA.1.1,#FF824C,BA.1.1.18
BA.1.1,#FF824C,BA.1.1.2
BA.1.1,#FF824C,BA.1.1.3
BA.1.1,#FF824C,BA.1.1.4
BA.1.1,#FF824C,BA.1.1.5
BA.1.1,#FF824C,BA.1.1.6
BA.1.1,#FF824C,BA.1.1.7
BA.1.1,#FF824C,BA.1.1.8
BA.1.1,#FF824C,BA.1.1.9
B.1.1.529,#E26028,BA.1.10
B.1.1.529,#E26028,BA.1.12
B.1.1.529,#E26028,BA.1.13
B.1.1.529,#E26028,BA.1.13.1
B.1.1.529,#E26028,BA.1.14
B.1.1.529,#E26028,BA.1.14.1
B.1.1.529,#E26028,BA.1.14.2
B.1.1.529,#E26028,BA.1.15
B.1.1.529,#E26028,BA.1.15.1
B.1.1.529,#E26028,BA.1.15.2
B.1.1.529,#E26028,BA.1.15.3
B.1.1.529,#E26028,BA.1.16
B.1.1.529,#E26028,BA.1.16.1
B.1.1.529,#E26028,BA.1.16.2
B.1.1.529,#E26028,BA.1.17
B.1.1.529,#E26028,BA.1.17.1
B.1.1.529,#E26028,BA.1.17.2
B.1.1.529,#E26028,BA.1.18
B.1.1.529,#E26028,BA.1.19
B.1.1.529,#E26028,BA.1.2
B.1.1.529,#E26028,BA.1.20
B.1.1.529,#E26028,BA.1.21
B.1.1.529,#E26028,BA.1.21.1
B.1.1.529,#E26028,BA.1.22
B.1.1.529,#E26028,BA.1.23
B.1.1.529,#E26028,BA.1.24
B.1.1.529,#E26028,BA.1.3
B.1.1.529,#E26028,BA.1.4
B.1.1.529,#E26028,BA.1.5
B.1.1.529,#E26028,BA.1.6
B.1.1.529,#E26028,BA.1.7
B.1.1.529,#E26028,BA.1.8
B.1.1.529,#E26028,BA.1.9
BA.2,#9CCC65,BA.2
BA.2,#9CCC65,BA.2.1
BA.2,#9CCC65,BA.2.10
BA.2,#9CCC65,BA.2.10.1
BA.2,#9CCC65,BA.2.10.2
BA.2,#9CCC65,BA.2.10.3
BA.2,#9CCC65,BA.2.10.4
BA.2,#9CCC65,BA.2.11
BA.2,#9CCC65,BA.2.12
BA.2.12.1,#7CB342,BA.2.12.1
BA.2,#9CCC65,BA.2.12.2
BA.2,#9CCC65,BA.2.13
BA.2,#9CCC65,BA.2.13.1
BA.2,#9CCC65,BA.2.14
BA.2,#9CCC65,BA.2.15
BA.2,#9CCC65,BA.2.16
BA.2,#9CCC65,BA.2.17
BA.2,#9CCC65,BA.2.18
BA.2,#9CCC65,BA.2.19
BA.2,#9CCC65,BA.2.2
BA.2,#9CCC65,BA.2.2.1
BA.2,#9CCC65,BA.2.20
BA.2,#9CCC65,BA.2.21
BA.2,#9CCC65,BA.2.22
BA.2,#9CCC65,BA.2.23
BA.2,#9CCC65,BA.2.23.1
BA.2,#9CCC65,BA.2.24
BA.2,#9CCC65,BA.2.25
BA.2,#9CCC65,BA.2.25.1
BA.2,#9CCC65,BA.2.26
BA.2,#9CCC65,BA.2.27
BA.2,#9CCC65,BA.2.28
BA.2,#9CCC65,BA.2.29
BA.2,#9CCC65,BA.2.3
BA.2,#9CCC65,BA.2.3.1
BA.2,#9CCC65,BA.2.3.10
BA.2,#9CCC65,BA.2.3.11
BA.2,#9CCC65,BA.2.3.12
BA.2,#9CCC65,BA.2.3.13
BA.2,#9CCC65,BA.2.3.14
BA.2,#9CCC65,BA.2.3.15
BA.2,#9CCC65,BA.2.3.16
BA.2,#9CCC65,BA.2.3.17
BA.2,#9CCC65,BA.2.3.18
BA.2,#9CCC65,BA.2.3.19
BA.2,#9CCC65,BA.2.3.2
BA.2,#9CCC65,BA.2.3.20
BA.2,#9CCC65,BA.2.3.21
BA.2,#9CCC65,BA.2.3.22
BA.2,#9CCC65,BA.2.3.4
BA.2,#9CCC65,BA.2.3.5
BA.2,#9CCC65,BA.2.3.6
BA.2,#9CCC65,BA.2.3.7
BA.2,#9CCC65,BA.2.3.8
BA.2,#9CCC65,BA.2.3.9
BA.2,#9CCC65,BA.2.30
BA.2,#9CCC65,BA.2.31
BA.2,#9CCC65,BA.2.31.1
BA.2,#9CCC65,BA.2.32
BA.2,#9CCC65,BA.2.33
BA.2,#9CCC65,BA.2.34
BA.2,#9CCC65,BA.2.35
BA.2,#9CCC65,BA.2.36
BA.2,#9CCC65,BA.2.37
BA.2,#9CCC65,BA.2.38
BA.2,#9CCC65,BA.2.38.1
BA.2,#9CCC65,BA.2.38.2
BA.2,#9CCC65,BA.2.38.3
BA.2,#9CCC65,BA.2.38.4
BA.2,#9CCC65,BA.2.39
BA.2,#9CCC65,BA.2.4
BA.2,#9CCC65,BA.2.40
BA.2,#9CCC65,BA.2.40.1
BA.2,#9CCC65,BA.2.41
BA.2,#9CCC65,BA.2.42
BA.2,#9CCC65,BA.2.43
BA.2,#9CCC65,BA.2.44
BA.2,#9CCC65,BA.2.45
BA.2,#9CCC65,BA.2.46
BA.2,#9CCC65,BA.2.47
BA.2,#9CCC65,BA.2.48
BA.2,#9CCC65,BA.2.49
BA.2,#9CCC65,BA.2.5
BA.2,#9CCC65,BA.2.50
BA.2,#9CCC65,BA.2.51
BA.2,#9CCC65,BA.2.52
BA.2,#9CCC65,BA.2.53
BA.2,#9CCC65,BA.2.54
BA.2,#9CCC65,BA.2.55
BA.2,#9CCC65,BA.2.56
BA.2,#9CCC65,BA.2.56.1
BA.2,#9CCC65,BA.2.57
BA.2,#9CCC65,BA.2.58
BA.2,#9CCC65,BA.2.59
BA.2,#9CCC65,BA.2.6
BA.2,#9CCC65,BA.2.60
BA.2,#9CCC65,BA.2.61
BA.2,#9CCC65,BA.2.62
BA.2,#9CCC65,BA.2.63
BA.2,#9CCC65,BA.2.64
BA.2,#9CCC65,BA.2.65
BA.2,#9CCC65,BA.2.66
BA.2,#9CCC65,BA.2.67
BA.2,#9CCC65,BA.2.68
BA.2,#9CCC65,BA.2.69
BA.2,#9CCC65,BA.2.7
BA.2,#9CCC65,BA.2.70
BA.2,#9CCC65,BA.2.71
BA.2,#9CCC65,BA.2.72
BA.2,#9CCC65,BA.2.73
BA.2,#9CCC65,BA.2.74
BA.2.75,#D4E157,BA.2.75
BA.2.75,#D4E157,BA.2.75.1
BA.2.75,#D4E157,BA.2.75.10
BA.2.75.2,#C0CA33,BA.2.75.2
BA.2.75,#D4E157,BA.2.75.3
BA.2.75,#D4E157,BA.2.75.4
BA.2.75,#D4E157,BA.2.75.5
BA.2.75,#D4E157,BA.2.75.6
BA.2.75,#D4E157,BA.2.75.7
BA.2.75,#D4E157,BA.2.75.8
BA.2.75,#D4E157,BA.2.75.9
BA.2,#9CCC65,BA.2.76
BA.2,#9CCC65,BA.2.76.1
BA.2,#9CCC65,BA.2.76.2
BA.2,#9CCC65,BA.2.77
BA.2,#9CCC65,BA.2.78
BA.2,#9CCC65,BA.2.79
BA.2,#9CCC65,BA.2.79.1
BA.2,#9CCC65,BA.2.8
BA.2,#9CCC65,BA.2.80
BA.2,#9CCC65,BA.2.81
BA.2,#9CCC65,BA.2.82
BA.2,#9CCC65,BA.2.83
BA.2,#9CCC65,BA.2.85
BA.2,#9CCC65,BA.2.9
BA.2,#9CCC65,BA.2.9.1
BA.2,#9CCC65,BA.2.9.2
BA.2,#9CCC65,BA.2.9.3
BA.2,#9CCC65,BA.2.9.4
BA.2,#9CCC65,BA.2.9.5
BA.2,#9CCC65,BA.2.9.6
BA.2,#9CCC65,BA.2.9.7
B.1.1.529,#E26028,BA.3
B.1.1.529,#E26028,BA.3.1
BA.4,#FFD54F,BA.4
BA.4,#FFD54F,BA.4.1
BA.4,#FFD54F,BA.4.1.1
BA.4,#FFD54F,BA.4.1.10
BA.4,#FFD54F,BA.4.1.11
BA.4,#FFD54F,BA.4.1.2
BA.4,#FFD54F,BA.4.1.3
BA.4,#FFD54F,BA.4.1.4
BA.4,#FFD54F,BA.4.1.5
BA.4,#FFD54F,BA.4.1.6
BA.4,#FFD54F,BA.4.1.7
BA.4,#FFD54F,BA.4.1.8
BA.4,#FFD54F,BA.4.1.9
BA.4,#FFD54F,BA.4.2
BA.4,#FFD54F,BA.4.3
BA.4,#FFD54F,BA.4.4
BA.4,#FFD54F,BA.4.5
BA.4.6,#FFB300,BA.4.6
BA.4.6,#FFB300,BA.4.6.1
BA.4.6,#FFB300,BA.4.6.2
BA.4.6,#FFB300,BA.4.6.3
BA.4.6,#FFB300,BA.4.6.4
BA.4.6,#FFB300,BA.4.6.5
BA.4,#FFD54F,BA.4.7
BA.4,#FFD54F,BA.4.8
BA.5,#80CBC4,BA.5
BA.5,#80CBC4,BA.5.1
BA.5,#80CBC4,BA.5.1.1
BA.5,#80CBC4,BA.5.1.10
BA.5,#80CBC4,BA.5.1.11
BA.5,#80CBC4,BA.5.1.12
BA.5,#80CBC4,BA.5.1.14
BA.5,#80CBC4,BA.5.1.15
BA.5,#80CBC4,BA.5.1.16
BA.5,#80CBC4,BA.5.1.17
BA.5,#80CBC4,BA.5.1.18
BA.5,#80CBC4,BA.5.1.19
BA.5,#80CBC4,BA.5.1.2
BA.5,#80CBC4,BA.5.1.20
BA.5,#80CBC4,BA.5.1.21
BA.5,#80CBC4,BA.5.1.22
BA.5,#80CBC4,BA.5.1.23
BA.5,#80CBC4,BA.5.1.24
BA.5,#80CBC4,BA.5.1.25
BA.5,#80CBC4,BA.5.1.26
BA.5,#80CBC4,BA.5.1.27
BA.5,#80CBC4,BA.5.1.28
BA.5,#80CBC4,BA.5.1.29
BA.5,#80CBC4,BA.5.1.3
BA.5,#80CBC4,BA.5.1.30
BA.5,#80CBC4,BA.5.1.31
BA.5,#80CBC4,BA.5.1.32
BA.5,#80CBC4,BA.5.1.33
BA.5,#80CBC4,BA.5.1.34
BA.5,#80CBC4,BA.5.1.35
BA.5,#80CBC4,BA.5.1.36
BA.5,#80CBC4,BA.5.1.37
BA.5,#80CBC4,BA.5.1.38
BA.5,#80CBC4,BA.5.1.4
BA.5,#80CBC4,BA.5.1.5
BA.5,#80CBC4,BA.5.1.6
BA.5,#80CBC4,BA.5.1.7
BA.5,#80CBC4,BA.5.1.8
BA.5,#80CBC4,BA.5.1.9
BA.5,#80CBC4,BA.5.10
BA.5,#80CBC4,BA.5.10.1
BA.5,#80CBC4,BA.5.11
BA.5,#80CBC4,BA.5.12
BA.5,#80CBC4,BA.5.2
BA.5,#80CBC4,BA.5.2.1
BA.5,#80CBC4,BA.5.2.10
BA.5,#80CBC4,BA.5.2.11
BA.5,#80CBC4,BA.5.2.12
BA.5,#80CBC4,BA.5.2.13
BA.5,#80CBC4,BA.5.2.14
BA.5,#80CBC4,BA.5.2.16
BA.5,#80CBC4,BA.5.2.18
BA.5,#80CBC4,BA.5.2.19
BA.5,#80CBC4,BA.5.2.2
BA.5,#80CBC4,BA.5.2.20
BA.5,#80CBC4,BA.5.2.21
BA.5,#80CBC4,BA.5.2.22
BA.5,#80CBC4,BA.5.2.23
BA.5,#80CBC4,BA.5.2.24
BA.5,#80CBC4,BA.5.2.25
BA.5,#80CBC4,BA.5.2.26
BA.5,#80CBC4,BA.5.2.27
BA.5,#80CBC4,BA.5.2.28
BA.5,#80CBC4,BA.5.2.29
BA.5,#80CBC4,BA.5.2.3
BA.5,#80CBC4,BA.5.2.30
BA.5,#80CBC4,BA.5.2.31
BA.5,#80CBC4,BA.5.2.32
BA.5,#80CBC4,BA.5.2.33
BA.5,#80CBC4,BA.5.2.34
BA.5,#80CBC4,BA.5.2.35
BA.5,#80CBC4,BA.5.2.36
BA.5,#80CBC4,BA.5.2.37
BA.5,#80CBC4,BA.5.2.38
BA.5,#80CBC4,BA.5.2.39
BA.5,#80CBC4,BA.5.2.4
BA.5,#80CBC4,BA.5.2.40
BA.5,#80CBC4,BA.5.2.41
BA.5,#80CBC4,BA.5.2.42
BA.5,#80CBC4,BA.5.2.43
BA.5,#80CBC4,BA.5.2.44
BA.5,#80CBC4,BA.5.2.45
BA.5,#80CBC4,BA.5.2.46
BA.5,#80CBC4,BA.5.2.47
BA.5,#80CBC4,BA.5.2.48
BA.5,#80CBC4,BA.5.2.49
BA.5,#80CBC4,BA.5.2.5
BA.5,#80CBC4,BA.5.2.50
BA.5,#80CBC4,BA.5.2.51
BA.5,#80CBC4,BA.5.2.52
BA.5,#80CBC4,BA.5.2.53
BA.5,#80CBC4,BA.5.2.54
BA.5,#80CBC4,BA.5.2.55
BA.5,#80CBC4,BA.5.2.56
BA.5,#80CBC4,BA.5.2.57
BA.5,#80CBC4,BA.5.2.58
BA.5,#80CBC4,BA.5.2.59
BA.5.2.6,#009688,BA.5.2.6
BA.5,#80CBC4,BA.5.2.60
BA.5,#80CBC4,BA.5.2.61
BA.5,#80CBC4,BA.5.2.62
BA.5,#80CBC4,BA.5.2.63
BA.5,#80CBC4,BA.5.2.7
BA.5,#80CBC4,BA.5.2.8
BA.5,#80CBC4,BA.5.2.9
BA.5,#80CBC4,BA.5.3
BA.5,#80CBC4,BA.5.3.1
BA.5,#80CBC4,BA.5.3.2
BA.5,#80CBC4,BA.5.3.3
BA.5,#80CBC4,BA.5.3.4
BA.5,#80CBC4,BA.5.3.5
BA.5,#80CBC4,BA.5.5
BA.5,#80CBC4,BA.5.5.1
BA.5,#80CBC4,BA.5.5.2
BA.5,#80CBC4,BA.5.5.3
BA.5,#80CBC4,BA.5.6
BA.5,#80CBC4,BA.5.6.1
BA.5,#80CBC4,BA.5.6.2
BA.5,#80CBC4,BA.5.6.3
BA.5,#80CBC4,BA.5.6.4
BA.5,#80CBC4,BA.5.7
BA.5,#80CBC4,BA.5.8
BA.5,#80CBC4,BA.5.9
Other,#152D44,BB.2
BA.1.1,#FF824C,BC.1
BA.1.1,#FF824C,BC.2
B.1.1.529,#E26028,BD.1
BA.5,#80CBC4,BE.1
BA.5,#80CBC4,BE.1.1
BA.5,#80CBC4,BE.1.1.1
BA.5,#80CBC4,BE.1.1.2
BA.5,#80CBC4,BE.1.2
BA.5,#80CBC4,BE.1.2.1
BA.5,#80CBC4,BE.1.3
BA.5,#80CBC4,BE.1.4
BA.5,#80CBC4,BE.1.4.1
BA.5,#80CBC4,BE.1.4.2
BA.5,#80CBC4,BE.1.4.3
BA.5,#80CBC4,BE.1.4.4
BA.5,#80CBC4,BE.10
BA.5,#80CBC4,BE.11
BA.5,#80CBC4,BE.12
BA.5,#80CBC4,BE.13
BA.5,#80CBC4,BE.2
BA.5,#80CBC4,BE.3
BA.5,#80CBC4,BE.4
BA.5,#80CBC4,BE.4.1
BA.5,#80CBC4,BE.4.1.1
BA.5,#80CBC4,BE.4.2
BA.5,#80CBC4,BE.5
BA.5,#80CBC4,BE.6
BA.5,#80CBC4,BE.7
BA.5,#80CBC4,BE.8
BA.5,#80CBC4,BE.9
BA.5,#80CBC4,BF.1
BA.5,#80CBC4,BF.1.1
BA.5,#80CBC4,BF.10
BA.5,#80CBC4,BF.10.1
BF.11,#29B6F6,BF.11
BF.11,#29B6F6,BF.11.1
BF.11,#29B6F6,BF.11.2
BF.11,#29B6F6,BF.11.3
BF.11,#29B6F6,BF.11.4
BF.11,#29B6F6,BF.11.5
BA.5,#80CBC4,BF.12
BA.5,#80CBC4,BF.13
BA.5,#80CBC4,BF.14
BA.5,#80CBC4,BF.15
BA.5,#80CBC4,BF.16
BA.5,#80CBC4,BF.17
BA.5,#80CBC4,BF.18
BA.5,#80CBC4,BF.19
BA.5,#80CBC4,BF.2
BA.5,#80CBC4,BF.20
BA.5,#80CBC4,BF.21
BA.5,#80CBC4,BF.22
BA.5,#80CBC4,BF.23
BA.5,#80CBC4,BF.24
BA.5,#80CBC4,BF.25
BA.5,#80CBC4,BF.26
BA.5,#80CBC4,BF.27
BA.5,#80CBC4,BF.28
BA.5,#80CBC4,BF.29
BA.5,#80CBC4,BF.3
BA.5,#80CBC4,BF.3.1
BA.5,#80CBC4,BF.30
BA.5,#80CBC4,BF.31
BA.5,#80CBC4,BF.31.1
BA.5,#80CBC4,BF.32
BA.5,#80CBC4,BF.33
BA.5,#80CBC4,BF.34
BA.5,#80CBC4,BF.35
BA.5,#80CBC4,BF.36
BA.5,#80CBC4,BF.37
BA.5,#80CBC4,BF.38
BA.5,#80CBC4,BF.38.1
BA.5,#80CBC4,BF.38.2
BA.5,#80CBC4,BF.38.3
BA.5,#80CBC4,BF.39
BA.5,#80CBC4,BF.39.1
BA.5,#80CBC4,BF.4
BA.5,#80CBC4,BF.40
BA.5,#80CBC4,BF.41
BA.5,#80CBC4,BF.41.1
BA.5,#80CBC4,BF.5
BA.5,#80CBC4,BF.5.1
BA.5,#80CBC4,BF.5.2
BA.5,#80CBC4,BF.5.3
BA.5,#80CBC4,BF.5.4
BA.5,#80CBC4,BF.5.5
BA.5,#80CBC4,BF.6
BF.7,#81D4FA,BF.7
BF.7,#81D4FA,BF.7.1
BF.7,#81D4FA,BF.7.10
BF.7,#81D4FA,BF.7.11
BF.7,#81D4FA,BF.7.12
BF.7,#81D4FA,BF.7.13
BF.7,#81D4FA,BF.7.13.1
BF.7,#81D4FA,BF.7.13.2
BF.7,#81D4FA,BF.7.14
BF.7,#81D4FA,BF.7.14.1
BF.7,#81D4FA,BF.7.14.2
BF.7,#81D4FA,BF.7.14.3
BF.7,#81D4FA,BF.7.14.4
BF.7,#81D4FA,BF.7.14.5
BF.7,#81D4FA,BF.7.14.6
BF.7,#81D4FA,BF.7.14.7
BF.7,#81D4FA,BF.7.15
BF.7,#81D4FA,BF.7.16
BF.7,#81D4FA,BF.7.16.1
BF.7,#81D4FA,BF.7.17
BF.7,#81D4FA,BF.7.18
BF.7,#81D4FA,BF.7.19
BF.7,#81D4FA,BF.7.19.1
BF.7,#81D4FA,BF.7.2
BF.7,#81D4FA,BF.7.20
BF.7,#81D4FA,BF.7.21
BF.7,#81D4FA,BF.7.22
BF.7,#81D4FA,BF.7.23
BF.7,#81D4FA,BF.7.24
BF.7,#81D4FA,BF.7.26
BF.7,#81D4FA,BF.7.27
BF.7,#81D4FA,BF.7.3
BF.7,#81D4FA,BF.7.4
BF.7,#81D4FA,BF.7.4.1
BF.7,#81D4FA,BF.7.4.2
BF.7,#81D4FA,BF.7.4.3
BF.7,#81D4FA,BF.7.5
BF.7,#81D4FA,BF.7.5.1
BF.7,#81D4FA,BF.7.6
BF.7,#81D4FA,BF.7.7
BF.7,#81D4FA,BF.7.8
BF.7,#81D4FA,BF.7.9
BA.5,#80CBC4,BF.8
BA.5,#80CBC4,BF.9
BA.2.12.1,#7CB342,BG.1
BA.2.12.1,#7CB342,BG.2
BA.2.12.1,#7CB342,BG.3
BA.2.12.1,#7CB342,BG.4
BA.2.12.1,#7CB342,BG.5
BA.2.12.1,#7CB342,BG.6
BA.2.12.1,#7CB342,BG.7
BA.2,#9CCC65,BH.1
BA.2,#9CCC65,BJ.1
BA.5,#80CBC4,BK.1
BA.2.75,#D4E157,BL.1
BA.2.75,#D4E157,BL.1.1
BA.2.75,#D4E157,BL.1.2
BA.2.75,#D4E157,BL.1.3
BA.2.75,#D4E157,BL.1.4
BA.2.75,#D4E157,BL.1.5
BA.2.75,#D4E157,BL.2
BA.2.75,#D4E157,BL.2.1
BA.2.75,#D4E157,BL.3
BA.2.75,#D4E157,BL.4
BA.2.75,#D4E157,BL.5
BA.2.75,#D4E157,BL.6
BA.2.75,#D4E157,BM.1
BA.2.75,#D4E157,BM.1.1
BA.2.75,#D4E157,BM.1.1.1
BA.2.75,#D4E157,BM.1.1.2
BA.2.75,#D4E157,BM.1.1.3
BA.2.75,#D4E157,BM.1.1.4
BA.2.75,#D4E157,BM.1.1.5
BA.2.75,#D4E157,BM.2
BA.2.75,#D4E157,BM.2.1
BA.2.75,#D4E157,BM.2.2
BA.2.75,#D4E157,BM.2.3
BA.2.75,#D4E157,BM.3
BA.2.75,#D4E157,BM.4
BA.2.75,#D4E157,BM.4.1
BA.2.75,#D4E157,BM.4.1.1
BA.2.75,#D4E157,BM.5
BA.2.75,#D4E157,BM.6
BN.1,#9E9D24,BN.1
BN.1,#9E9D24,BN.1.1
BN.1,#9E9D24,BN.1.1.1
BN.1,#9E9D24,BN.1.10
BN.1,#9E9D24,BN.1.11
BN.1,#9E9D24,BN.1.2
BN.1,#9E9D24,BN.1.2.1
BN.1,#9E9D24,BN.1.2.2
BN.1,#9E9D24,BN.1.2.3
BN.1,#9E9D24,BN.1.2.4
BN.1,#9E9D24,BN.1.3
BN.1,#9E9D24,BN.1.3.1
BN.1,#9E9D24,BN.1.3.10
BN.1,#9E9D24,BN.1.3.2
BN.1,#9E9D24,BN.1.3.3
BN.1,#9E9D24,BN.1.3.4
BN.1,#9E9D24,BN.1.3.5
BN.1,#9E9D24,BN.1.3.6
BN.1,#9E9D24,BN.1.3.7
BN.1,#9E9D24,BN.1.3.8
BN.1,#9E9D24,BN.1.3.9
BN.1,#9E9D24,BN.1.4
BN.1,#9E9D24,BN.1.4.1
BN.1,#9E9D24,BN.1.4.2
BN.1,#9E9D24,BN.1.4.3
BN.1,#9E9D24,BN.1.4.4
BN.1,#9E9D24,BN.1.4.5
BN.1,#9E9D24,BN.1.5
BN.1,#9E9D24,BN.1.5.1
BN.1,#9E9D24,BN.1.5.2
BN.1,#9E9D24,BN.1.6
BN.1,#9E9D24,BN.1.7
BN.1,#9E9D24,BN.1.8
BN.1,#9E9D24,BN.1.9
BA.2.75,#D4E157,BN.2
BA.2.75,#D4E157,BN.2.1
BA.2.75,#D4E157,BN.3
BA.2.75,#D4E157,BN.3.1
BA.2.75,#D4E157,BN.4
BA.2.75,#D4E157,BN.5
BA.2.75,#D4E157,BN.6
BA.2,#9CCC65,BP.1
BQ.1,#006064,BQ.1
BQ.1.1,#00838F,BQ.1.1
BQ.1.1,#00838F,BQ.1.1.1
BQ.1.1,#00838F,BQ.1.1.10
BQ.1.1,#00838F,BQ.1.1.11
BQ.1.1,#00838F,BQ.1.1.12
BQ.1.1,#00838F,BQ.1.1.13
BQ.1.1,#00838F,BQ.1.1.14
BQ.1.1,#00838F,BQ.1.1.15
BQ.1.1,#00838F,BQ.1.1.16
BQ.1.1,#00838F,BQ.1.1.17
BQ.1.1,#00838F,BQ.1.1.18
BQ.1.1,#00838F,BQ.1.1.19
BQ.1.1,#00838F,BQ.1.1.2
BQ.1.1,#00838F,BQ.1.1.20
BQ.1.1,#00838F,BQ.1.1.21
BQ.1.1,#00838F,BQ.1.1.22
BQ.1.1,#00838F,BQ.1.1.23
BQ.1.1,#00838F,BQ.1.1.24
Other,#152D44,A
Other,#152D44,A.1
Other,#152D44,A.11
Other,#152D44,A.12
Other,#152D44,A.15
Other,#152D44,A.16
Other,#152D44,A.17
Other,#152D44,A.18
Other,#152D44,A.19
Other,#152D44,A.2
Other,#152D44,A.2.2
Other,#152D44,A.2.3
Other,#152D44,A.2.4
Other,#152D44,A.2.5
Other,#152D44,A.2.5.1
Other,#152D44,A.2.5.2
Other,#152D44,A.2.5.3
Other,#152D44,A.21
Other,#152D44,A.22
Other,#152D44,A.23
Other,#152D44,A.23.1
Other,#152D44,A.24
Other,#152D44,A.25
Other,#152D44,A.26
Other,#152D44,A.27
Other,#152D44,A.28
Other,#152D44,A.29
Other,#152D44,A.3
Other,#152D44,A.30
Other,#152D44,A.4
Other,#152D44,A.5
Other,#152D44,A.6
Other,#152D44,A.7
Other,#152D44,A.9
Other,#152D44,AA.1
Other,#152D44,AA.2
Other,#152D44,AA.3
Other,#152D44,AA.4
Other,#152D44,AA.5
Other,#152D44,AA.6
Other,#152D44,AA.7
Other,#152D44,AA.8
Other,#152D44,AB.1
Other,#152D44,AC.1
Other,#152D44,AD.1
Other,#152D44,AD.2
Other,#152D44,AD.2.1
Other,#152D44,AE.1
Other,#152D44,AE.2
Other,#152D44,AE.3
Other,#152D44,AE.4
Other,#152D44,AE.5
Other,#152D44,AE.6
Other,#152D44,AE.7
Other,#152D44,AE.8
Other,#152D44,AF.1
Other,#152D44,AG.1
Other,#152D44,AH.1
Other,#152D44,AH.2
Other,#152D44,AH.3
Other,#152D44,AJ.1
Other,#152D44,AK.1
Other,#152D44,AK.2
Other,#152D44,AL.1
Other,#152D44,AM.1
Other,#152D44,AM.2
Other,#152D44,AM.3
Other,#152D44,AM.4
Other,#152D44,AN.1
Other,#152D44,AP.1
Other,#152D44,AQ.1
Other,#152D44,AQ.2
Other,#152D44,AS.1
Other,#152D44,AS.2
Other,#152D44,AT.1
Other,#152D44,AU.1
Other,#152D44,AU.2
Other,#152D44,AU.3
Other,#152D44,AV.1
Other,#152D44,AW.1
B.1.617.2,#B39DDB,AY.1
B.1.617.2,#B39DDB,AY.10
B.1.617.2,#B39DDB,AY.100
B.1.617.2,#B39DDB,AY.101
B.1.617.2,#B39DDB,AY.102
B.1.617.2,#B39DDB,AY.102.1
B.1.617.2,#B39DDB,AY.102.2
B.1.617.2,#B39DDB,AY.103
B.1.617.2,#B39DDB,AY.103.1
B.1.617.2,#B39DDB,AY.103.2
B.1.617.2,#B39DDB,AY.104
B.1.617.2,#B39DDB,AY.105
B.1.617.2,#B39DDB,AY.106
B.1.617.2,#B39DDB,AY.107
B.1.617.2,#B39DDB,AY.108
B.1.617.2,#B39DDB,AY.109
B.1.617.2,#B39DDB,AY.11
B.1.617.2,#B39DDB,AY.110
B.1.617.2,#B39DDB,AY.111
B.1.617.2,#B39DDB,AY.112
B.1.617.2,#B39DDB,AY.112.1
B.1.617.2,#B39DDB,AY.112.2
B.1.617.2,#B39DDB,AY.112.3
B.1.617.2,#B39DDB,AY.113
B.1.617.2,#B39DDB,AY.114
B.1.617.2,#B39DDB,AY.116
B.1.617.2,#B39DDB,AY.116.1
B.1.617.2,#B39DDB,AY.117
B.1.617.2,#B39DDB,AY.118
B.1.617.2,#B39DDB,AY.119
B.1.617.2,#B39DDB,AY.119.1
B.1.617.2,#B39DDB,AY.119.2
B.1.617.2,#B39DDB,AY.120
B.1.617.2,#B39DDB,AY.120.1
B.1.617.2,#B39DDB,AY.120.2
B.1.617.2,#B39DDB,AY.120.2.1
B.1.617.2,#B39DDB,AY.121
B.1.617.2,#B39DDB,AY.121.1
B.1.617.2,#B39DDB,AY.122
B.1.617.2,#B39DDB,AY.122.1
B.1.617.2,#B39DDB,AY.122.2
B.1.617.2,#B39DDB,AY.122.3
B.1.617.2,#B39DDB,AY.122.4
B.1.617.2,#B39DDB,AY.122.5
B.1.617.2,#B39DDB,AY.122.6
B.1.617.2,#B39DDB,AY.123
B.1.617.2,#B39DDB,AY.123.1
B.1.617.2,#B39DDB,AY.124
B.1.617.2,#B39DDB,AY.124.1
B.1.617.2,#B39DDB,AY.124.1.1
B.1.617.2,#B39DDB,AY.125
B.1.617.2,#B39DDB,AY.125.1
B.1.617.2,#B39DDB,AY.126
B.1.617.2,#B39DDB,AY.127
B.1.617.2,#B39DDB,AY.127.1
B.1.617.2,#B39DDB,AY.127.2
B.1.617.2,#B39DDB,AY.127.3
B.1.617.2,#B39DDB,AY.128
B.1.617.2,#B39DDB,AY.129
B.1.617.2,#B39DDB,AY.13
B.1.617.2,#B39DDB,AY.130
B.1.617.2,#B39DDB,AY.131
B.1.617.2,#B39DDB,AY.132
B.1.617.2,#B39DDB,AY.133
B.1.617.2,#B39DDB,AY.134
B.1.617.2,#B39DDB,AY.14
B.1.617.2,#B39DDB,AY.15
B.1.617.2,#B39DDB,AY.16
B.1.617.2,#B39DDB,AY.16.1
B.1.617.2,#B39DDB,AY.17
B.1.617.2,#B39DDB,AY.18
B.1.617.2,#B39DDB,AY.19
B.1.617.2,#B39DDB,AY.2
B.1.617.2,#B39DDB,AY.20
B.1.617.2,#B39DDB,AY.20.1
B.1.617.2,#B39DDB,AY.21
B.1.617.2,#B39DDB,AY.22
B.1.617.2,#B39DDB,AY.23
B.1.617.2,#B39DDB,AY.23.1
B.1.617.2,#B39DDB,AY.23.2
B.1.617.2,#B39DDB,AY.24
B.1.617.2,#B39DDB,AY.24.1
B.1.617.2,#B39DDB,AY.25
B.1.617.2,#B39DDB,AY.25.1
B.1.617.2,#B39DDB,AY.25.1.1
B.1.617.2,#B39DDB,AY.25.1.2
B.1.617.2,#B39DDB,AY.25.2
B.1.617.2,#B39DDB,AY.25.3
B.1.617.2,#B39DDB,AY.26
B.1.617.2,#B39DDB,AY.26.1
B.1.617.2,#B39DDB,AY.27
B.1.617.2,#B39DDB,AY.28
B.1.617.2,#B39DDB,AY.29
B.1.617.2,#B39DDB,AY.29.1
B.1.617.2,#B39DDB,AY.29.2
B.1.617.2,#B39DDB,AY.3
B.1.617.2,#B39DDB,AY.3.1
B.1.617.2,#B39DDB,AY.3.2
B.1.617.2,#B39DDB,AY.3.3
B.1.617.2,#B39DDB,AY.3.4
B.1.617.2,#B39DDB,AY.30
B.1.617.2,#B39DDB,AY.31
B.1.617.2,#B39DDB,AY.32
B.1.617.2,#B39DDB,AY.33
B.1.617.2,#B39DDB,AY.33.1
B.1.617.2,#B39DDB,AY.33.2
B.1.617.2,#B39DDB,AY.34
B.1.617.2,#B39DDB,AY.34.1
B.1.617.2,#B39DDB,AY.34.1.1
B.1.617.2,#B39DDB,AY.34.2
B.1.617.2,#B39DDB,AY.35
B.1.617.2,#B39DDB,AY.36
B.1.617.2,#B39DDB,AY.36.1
B.1.617.2,#B39DDB,AY.37
B.1.617.2,#B39DDB,AY.38
B.1.617.2,#B39DDB,AY.39
B.1.617.2,#B39DDB,AY.39.1
B.1.617.2,#B39DDB,AY.39.1.1
B.1.617.2,#B39DDB,AY.39.1.2
B.1.617.2,#B39DDB,AY.39.1.3
B.1.617.2,#B39DDB,AY.39.1.4
B.1.617.2,#B39DDB,AY.39.2
B.1.617.2,#B39DDB,AY.39.3
B.1.617.2,#B39DDB,AY.4
B.1.617.2,#B39DDB,AY.4.1
B.1.617.2,#B39DDB,AY.4.10
B.1.617.2,#B39DDB,AY.4.11
B.1.617.2,#B39DDB,AY.4.12
B.1.617.2,#B39DDB,AY.4.13
B.1.617.2,#B39DDB,AY.4.14
B.1.617.2,#B39DDB,AY.4.15
B.1.617.2,#B39DDB,AY.4.16
B.1.617.2,#B39DDB,AY.4.17
B.1.617.2,#B39DDB,AY.4.2
B.1.617.2,#B39DDB,AY.4.2.1
B.1.617.2,#B39DDB,AY.4.2.2
B.1.617.2,#B39DDB,AY.4.2.3
B.1.617.2,#B39DDB,AY.4.2.4
B.1.617.2,#B39DDB,AY.4.2.5
B.1.617.2,#B39DDB,AY.4.3
B.1.617.2,#B39DDB,AY.4.4
B.1.617.2,#B39DDB,AY.4.5
B.1.617.2,#B39DDB,AY.4.6
B.1.617.2,#B39DDB,AY.4.7
B.1.617.2,#B39DDB,AY.4.8
B.1.617.2,#B39DDB,AY.4.9
B.1.617.2,#B39DDB,AY.40
B.1.617.2,#B39DDB,AY.41
B.1.617.2,#B39DDB,AY.42
B.1.617.2,#B39DDB,AY.42.1
B.1.617.2,#B39DDB,AY.43
B.1.617.2,#B39DDB,AY.43.1
B.1.617.2,#B39DDB,AY.43.2
B.1.617.2,#B39DDB,AY.43.3
B.1.617.2,#B39DDB,AY.43.4
B.1.617.2,#B39DDB,AY.43.5
B.1.617.2,#B39DDB,AY.43.6
B.1.617.2,#B39DDB,AY.43.7
B.1.617.2,#B39DDB,AY.43.8
B.1.617.2,#B39DDB,AY.43.9
B.1.617.2,#B39DDB,AY.44
B.1.617.2,#B39DDB,AY.45
B.1.617.2,#B39DDB,AY.46
B.1.617.2,#B39DDB,AY.46.1
B.1.617.2,#B39DDB,AY.46.2
B.1.617.2,#B39DDB,AY.46.3
B.1.617.2,#B39DDB,AY.46.4
B.1.617.2,#B39DDB,AY.46.5
B.1.617.2,#B39DDB,AY.46.6
B.1.617.2,#B39DDB,AY.46.6.1
B.1.617.2,#B39DDB,AY.47
B.1.617.2,#B39DDB,AY.48
B.1.617.2,#B39DDB,AY.49
B.1.617.2,#B39DDB,AY.5
B.1.617.2,#B39DDB,AY.5.1
B.1.617.2,#B39DDB,AY.5.2
B.1.617.2,#B39DDB,AY.5.3
B.1.617.2,#B39DDB,AY.5.4
B.1.617.2,#B39DDB,AY.5.5
B.1.617.2,#B39DDB,AY.5.6
B.1.617.2,#B39DDB,AY.5.7
B.1.617.2,#B39DDB,AY.50
B.1.617.2,#B39DDB,AY.51
B.1.617.2,#B39DDB,AY.52
B.1.617.2,#B39DDB,AY.53
B.1.617.2,#B39DDB,AY.54
B.1.617.2,#B39DDB,AY.55
B.1.617.2,#B39DDB,AY.56
B.1.617.2,#B39DDB,AY.57
B.1.617.2,#B39DDB,AY.58
B.1.617.2,#B39DDB,AY.59
B.1.617.2,#B39DDB,AY.6
B.1.617.2,#B39DDB,AY.60
B.1.617.2,#B39DDB,AY.61
B.1.617.2,#B39DDB,AY.62
B.1.617.2,#B39DDB,AY.63
B.1.617.2,#B39DDB,AY.64
B.1.617.2,#B39DDB,AY.65
B.1.617.2,#B39DDB,AY.66
B.1.617.2,#B39DDB,AY.67
B.1.617.2,#B39DDB,AY.68
B.1.617.2,#B39DDB,AY.69
B.1.617.2,#B39DDB,AY.7
B.1.617.2,#B39DDB,AY.7.1
B.1.617.2,#B39DDB,AY.7.2
B.1.617.2,#B39DDB,AY.70
B.1.617.2,#B39DDB,AY.71
B.1.617.2,#B39DDB,AY.72
B.1.617.2,#B39DDB,AY.73
B.1.617.2,#B39DDB,AY.74
B.1.617.2,#B39DDB,AY.75
B.1.617.2,#B39DDB,AY.75.2
B.1.617.2,#B39DDB,AY.75.3
B.1.617.2,#B39DDB,AY.76
B.1.617.2,#B39DDB,AY.77
B.1.617.2,#B39DDB,AY.78
B.1.617.2,#B39DDB,AY.79
B.1.617.2,#B39DDB,AY.8
B.1.617.2,#B39DDB,AY.80
B.1.617.2,#B39DDB,AY.81
B.1.617.2,#B39DDB,AY.82
B.1.617.2,#B39DDB,AY.83
B.1.617.2,#B39DDB,AY.84
B.1.617.2,#B39DDB,AY.85
B.1.617.2,#B39DDB,AY.86
B.1.617.2,#B39DDB,AY.87
B.1.617.2,#B39DDB,AY.88
B.1.617.2,#B39DDB,AY.9
B.1.617.2,#B39DDB,AY.9.2
B.1.617.2,#B39DDB,AY.9.2.1
B.1.617.2,#B39DDB,AY.9.2.2
B.1.617.2,#B39DDB,AY.90
B.1.617.2,#B39DDB,AY.91
B.1.617.2,#B39DDB,AY.91.1
B.1.617.2,#B39DDB,AY.92
B.1.617.2,#B39DDB,AY.93
B.1.617.2,#B39DDB,AY.94
B.1.617.2,#B39DDB,AY.95
B.1.617.2,#B39DDB,AY.98
B.1.617.2,#B39DDB,AY.98.1
B.1.617.2,#B39DDB,AY.98.1.1
B.1.617.2,#B39DDB,AY.99
B.1.617.2,#B39DDB,AY.99.1
B.1.617.2,#B39DDB,AY.99.2
Other,#152D44,AZ.1
Other,#152D44,AZ.2
Other,#152D44,AZ.2.1
Other,#152D44,AZ.3
Other,#152D44,AZ.4
Other,#152D44,AZ.5
Other,#152D44,AZ.6
Other,#152D44,B
Other,#152D44,B.1
Other,#152D44,B.1.1
Other,#152D44,B.1.1.1
Other,#152D44,B.1.1.10
Other,#152D44,B.1.1.100
Other,#152D44,B.1.1.101
Other,#152D44,B.1.1.107
Other,#152D44,B.1.1.109
Other,#152D44,B.1.1.110
Other,#152D44,B.1.1.111
Other,#152D44,B.1.1.112
Other,#152D44,B.1.1.113
Other,#152D44,B.1.1.114
Other,#152D44,B.1.1.115
Other,#152D44,B.1.1.116
Other,#152D44,B.1.1.117
Other,#152D44,B.1.1.118
Other,#152D44,B.1.1.119
Other,#152D44,B.1.1.12
Other,#152D44,B.1.1.120
Other,#152D44,B.1.1.121
Other,#152D44,B.1.1.122
Other,#152D44,B.1.1.123
Other,#152D44,B.1.1.125
Other,#152D44,B.1.1.127
Other,#152D44,B.1.1.128
Other,#152D44,B.1.1.129
Other,#152D44,B.1.1.13
Other,#152D44,B.1.1.130
Other,#152D44,B.1.1.132
Other,#152D44,B.1.1.133
Other,#152D44,B.1.1.134
Other,#152D44,B.1.1.135
Other,#152D44,B.1.1.136
Other,#152D44,B.1.1.137
Other,#152D44,B.1.1.138
Other,#152D44,B.1.1.139
Other,#152D44,B.1.1.14
Other,#152D44,B.1.1.141
Other,#152D44,B.1.1.142
Other,#152D44,B.1.1.144
Other,#152D44,B.1.1.145
Other,#152D44,B.1.1.147
Other,#152D44,B.1.1.148
Other,#152D44,B.1.1.149
Other,#152D44,B.1.1.15
Other,#152D44,B.1.1.152
Other,#152D44,B.1.1.153
Other,#152D44,B.1.1.154
Other,#152D44,B.1.1.155
Other,#152D44,B.1.1.157
Other,#152D44,B.1.1.158
Other,#152D44,B.1.1.159
Other,#152D44,B.1.1.16
Other,#152D44,B.1.1.160
Other,#152D44,B.1.1.161
Other,#152D44,B.1.1.162
Other,#152D44,B.1.1.163
Other,#152D44,B.1.1.164
Other,#152D44,B.1.1.165
Other,#152D44,B.1.1.166
Other,#152D44,B.1.1.168
Other,#152D44,B.1.1.169
Other,#152D44,B.1.1.17
Other,#152D44,B.1.1.170
Other,#152D44,B.1.1.171
Other,#152D44,B.1.1.172
Other,#152D44,B.1.1.174
Other,#152D44,B.1.1.175
Other,#152D44,B.1.1.176
Other,#152D44,B.1.1.177
Other,#152D44,B.1.1.178
Other,#152D44,B.1.1.180
Other,#152D44,B.1.1.181
Other,#152D44,B.1.1.182
Other,#152D44,B.1.1.184
Other,#152D44,B.1.1.185
Other,#152D44,B.1.1.186
Other,#152D44,B.1.1.187
Other,#152D44,B.1.1.189
Other,#152D44,B.1.1.190
Other,#152D44,B.1.1.191
Other,#152D44,B.1.1.192
Other,#152D44,B.1.1.193
Other,#152D44,B.1.1.194
Other,#152D44,B.1.1.196
Other,#152D44,B.1.1.197
Other,#152D44,B.1.1.198
Other,#152D44,B.1.1.200
Other,#152D44,B.1.1.201
Other,#152D44,B.1.1.202
Other,#152D44,B.1.1.203
Other,#152D44,B.1.1.204
Other,#152D44,B.1.1.205
Other,#152D44,B.1.1.207
Other,#152D44,B.1.1.208
Other,#152D44,B.1.1.209
Other,#152D44,B.1.1.210
Other,#152D44,B.1.1.213
Other,#152D44,B.1.1.214
Other,#152D44,B.1.1.216
Other,#152D44,B.1.1.217
Other,#152D44,B.1.1.218
Other,#152D44,B.1.1.219
Other,#152D44,B.1.1.220
Other,#152D44,B.1.1.221
Other,#152D44,B.1.1.222
Other,#152D44,B.1.1.224
Other,#152D44,B.1.1.225
Other,#152D44,B.1.1.226
Other,#152D44,B.1.1.227
Other,#152D44,B.1.1.228
Other,#152D44,B.1.1.229
Other,#152D44,B.1.1.230
Other,#152D44,B.1.1.231
Other,#152D44,B.1.1.232
Other,#152D44,B.1.1.234
Other,#152D44,B.1.1.236
Other,#152D44,B.1.1.237
Other,#152D44,B.1.1.239
Other,#152D44,B.1.1.240
Other,#152D44,B.1.1.241
Other,#152D44,B.1.1.242
Other,#152D44,B.1.1.243
Other,#152D44,B.1.1.244
Other,#152D44,B.1.1.249
Other,#152D44,B.1.1.25
Other,#152D44,B.1.1.251
Other,#152D44,B.1.1.253
Other,#152D44,B.1.1.254
Other,#152D44,B.1.1.255
Other,#152D44,B.1.1.256
Other,#152D44,B.1.1.257
Other,#152D44,B.1.1.258
Other,#152D44,B.1.1.26
Other,#152D44,B.1.1.261
Other,#152D44,B.1.1.262
Other,#152D44,B.1.1.263
Other,#152D44,B.1.1.265
Other,#152D44,B.1.1.266
Other,#152D44,B.1.1.267
Other,#152D44,B.1.1.268
Other,#152D44,B.1.1.269
Other,#152D44,B.1.1.27
Other,#152D44,B.1.1.270
Other,#152D44,B.1.1.271
Other,#152D44,B.1.1.272
Other,#152D44,B.1.1.273
Other,#152D44,B.1.1.274
Other,#152D44,B.1.1.275
Other,#152D44,B.1.1.277
Other,#152D44,B.1.1.279
Other,#152D44,B.1.1.28
Other,#152D44,B.1.1.280
Other,#152D44,B.1.1.282
Other,#152D44,B.1.1.283
Other,#152D44,B.1.1.284
Other,#152D44,B.1.1.285
Other,#152D44,B.1.1.286
Other,#152D44,B.1.1.288
Other,#152D44,B.1.1.289
Other,#152D44,B.1.1.29
Other,#152D44,B.1.1.290
Other,#152D44,B.1.1.291
Other,#152D44,B.1.1.294
Other,#152D44,B.1.1.296
Other,#152D44,B.1.1.297
Other,#152D44,B.1.1.298
Other,#152D44,B.1.1.299
Other,#152D44,B.1.1.3
Other,#152D44,B.1.1.30
Other,#152D44,B.1.1.300
Other,#152D44,B.1.1.301
Other,#152D44,B.1.1.302
Other,#152D44,B.1.1.303
Other,#152D44,B.1.1.304
Other,#152D44,B.1.1.305
Other,#152D44,B.1.1.306
Other,#152D44,B.1.1.307
Other,#152D44,B.1.1.308
Other,#152D44,B.1.1.309
Other,#152D44,B.1.1.31
Other,#152D44,B.1.1.310
Other,#152D44,B.1.1.311
Other,#152D44,B.1.1.312
Other,#152D44,B.1.1.315
Other,#152D44,B.1.1.316
Other,#152D44,B.1.1.317
Other,#152D44,B.1.1.318
Other,#152D44,B.1.1.319
Other,#152D44,B.1.1.320
Other,#152D44,B.1.1.322
Other,#152D44,B.1.1.323
Other,#152D44,B.1.1.324
Other,#152D44,B.1.1.325
Other,#152D44,B.1.1.326
Other,#152D44,B.1.1.327
Other,#152D44,B.1.1.328
Other,#152D44,B.1.1.329
Other,#152D44,B.1.1.33
Other,#152D44,B.1.1.330
Other,#152D44,B.1.1.331
Other,#152D44,B.1.1.332
Other,#152D44,B.1.1.333
Other,#152D44,B.1.1.334
Other,#152D44,B.1.1.335
Other,#152D44,B.1.1.336
Other,#152D44,B.1.1.337
Other,#152D44,B.1.1.338
Other,#152D44,B.1.1.339
Other,#152D44,B.1.1.34
Other,#152D44,B.1.1.340
Other,#152D44,B.1.1.341
Other,#152D44,B.1.1.342
Other,#152D44,B.1.1.343
Other,#152D44,B.1.1.344
Other,#152D44,B.1.1.345
Other,#152D44,B.1.1.346
Other,#152D44,B.1.1.347
Other,#152D44,B.1.1.348
Other,#152D44,B.1.1.349
Other,#152D44,B.1.1.350
Other,#152D44,B.1.1.351
Other,#152D44,B.1.1.352
Other,#152D44,B.1.1.353
Other,#152D44,B.1.1.354
Other,#152D44,B.1.1.355
Other,#152D44,B.1.1.356
Other,#152D44,B.1.1.357
Other,#152D44,B.1.1.358
Other,#152D44,B.1.1.359
Other,#152D44,B.1.1.360
Other,#152D44,B.1.1.361
Other,#152D44,B.1.1.362
Other,#152D44,B.1.1.363
Other,#152D44,B.1.1.364
Other,#152D44,B.1.1.365
Other,#152D44,B.1.1.366
Other,#152D44,B.1.1.367
Other,#152D44,B.1.1.368
Other,#152D44,B.1.1.369
Other,#152D44,B.1.1.37
Other,#152D44,B.1.1.370
Other,#152D44,B.1.1.371
Other,#152D44,B.1.1.372
Other,#152D44,B.1.1.373
Other,#152D44,B.1.1.374
Other,#152D44,B.1.1.375
Other,#152D44,B.1.1.376
Other,#152D44,B.1.1.377
Other,#152D44,B.1.1.378
Other,#152D44,B.1.1.379
Other,#152D44,B.1.1.38
Other,#152D44,B.1.1.380
Other,#152D44,B.1.1.381
Other,#152D44,B.1.1.382
Other,#152D44,B.1.1.383
Other,#152D44,B.1.1.384
Other,#152D44,B.1.1.385
Other,#152D44,B.1.1.386
Other,#152D44,B.1.1.387
Other,#152D44,B.1.1.388
Other,#152D44,B.1.1.389
Other,#152D44,B.1.1.39
Other,#152D44,B.1.1.391
Other,#152D44,B.1.1.392
Other,#152D44,B.1.1.393
Other,#152D44,B.1.1.394
Other,#152D44,B.1.1.395
Other,#152D44,B.1.1.396
Other,#152D44,B.1.1.397
Other,#152D44,B.1.1.398
Other,#152D44,B.1.1.399
Other,#152D44,B.1.1.4
Other,#152D44,B.1.1.40
Other,#152D44,B.1.1.400
Other,#152D44,B.1.1.401
Other,#152D44,B.1.1.402
Other,#152D44,B.1.1.403
Other,#152D44,B.1.1.404
Other,#152D44,B.1.1.405
Other,#152D44,B.1.1.406
Other,#152D44,B.1.1.407
Other,#152D44,B.1.1.408
Other,#152D44,B.1.1.409
Other,#152D44,B.1.1.41
Other,#152D44,B.1.1.410
Other,#152D44,B.1.1.411
Other,#152D44,B.1.1.412
Other,#152D44,B.1.1.413
Other,#152D44,B.1.1.414
Other,#152D44,B.1.1.415
Other,#152D44,B.1.1.416
Other,#152D44,B.1.1.417
Other,#152D44,B.1.1.418
Other,#152D44,B.1.1.419
Other,#152D44,B.1.1.420
Other,#152D44,B.1.1.421
Other,#152D44,B.1.1.422
Other,#152D44,B.1.1.423
Other,#152D44,B.1.1.424
Other,#152D44,B.1.1.425
Other,#152D44,B.1.1.426
Other,#152D44,B.1.1.427
Other,#152D44,B.1.1.428
Other,#152D44,B.1.1.429
Other,#152D44,B.1.1.43
Other,#152D44,B.1.1.430
Other,#152D44,B.1.1.431
Other,#152D44,B.1.1.432
Other,#152D44,B.1.1.433
Other,#152D44,B.1.1.434
Other,#152D44,B.1.1.435
Other,#152D44,B.1.1.436
Other,#152D44,B.1.1.437
Other,#152D44,B.1.1.438
Other,#152D44,B.1.1.44
Other,#152D44,B.1.1.440
Other,#152D44,B.1.1.441
Other,#152D44,B.1.1.442
Other,#152D44,B.1.1.444
Other,#152D44,B.1.1.445
Other,#152D44,B.1.1.446
Other,#152D44,B.1.1.447
Other,#152D44,B.1.1.448
Other,#152D44,B.1.1.449
Other,#152D44,B.1.1.45
Other,#152D44,B.1.1.450
Other,#152D44,B.1.1.451
Other,#152D44,B.1.1.452
Other,#152D44,B.1.1.453
Other,#152D44,B.1.1.456
Other,#152D44,B.1.1.458
Other,#152D44,B.1.1.459
Other,#152D44,B.1.1.46
Other,#152D44,B.1.1.461
Other,#152D44,B.1.1.462
Other,#152D44,B.1.1.463
Other,#152D44,B.1.1.464
Other,#152D44,B.1.1.465
Other,#152D44,B.1.1.466
Other,#152D44,B.1.1.467
Other,#152D44,B.1.1.47
Other,#152D44,B.1.1.48
Other,#152D44,B.1.1.480
Other,#152D44,B.1.1.481
Other,#152D44,B.1.1.482
Other,#152D44,B.1.1.483
Other,#152D44,B.1.1.484
Other,#152D44,B.1.1.485
Other,#152D44,B.1.1.486
Other,#152D44,B.1.1.487
Other,#152D44,B.1.1.49
Other,#152D44,B.1.1.5
Other,#152D44,B.1.1.50
Other,#152D44,B.1.1.500
Other,#152D44,B.1.1.506
Other,#152D44,B.1.1.507
Other,#152D44,B.1.1.51
Other,#152D44,B.1.1.512
Other,#152D44,B.1.1.513
Other,#152D44,B.1.1.514
Other,#152D44,B.1.1.515
Other,#152D44,B.1.1.516
Other,#152D44,B.1.1.517
Other,#152D44,B.1.1.518
Other,#152D44,B.1.1.519
Other,#152D44,B.1.1.52
Other,#152D44,B.1.1.521
Other,#152D44,B.1.1.522
Other,#152D44,B.1.1.523
Other,#152D44,B.1.1.524
Other,#152D44,B.1.1.525
Other,#152D44,B.1.1.526
Other,#152D44,B.1.1.528
B.1.1.529,#E26028,B.1.1.529
Other,#152D44,B.1.1.53
Other,#152D44,B.1.1.54
Other,#152D44,B.1.1.55
Other,#152D44,B.1.1.56
Other,#152D44,B.1.1.57
Other,#152D44,B.1.1.58
Other,#152D44,B.1.1.59
Other,#152D44,B.1.1.61
Other,#152D44,B.1.1.62
Other,#152D44,B.1.1.63
Other,#152D44,B.1.1.67
Other,#152D44,B.1.1.7
Other,#152D44,B.1.1.70
Other,#152D44,B.1.1.71
Other,#152D44,B.1.1.72
Other,#152D44,B.1.1.74
Other,#152D44,B.1.1.75
Other,#152D44,B.1.1.77
Other,#152D44,B.1.1.8
Other,#152D44,B.1.1.82
Other,#152D44,B.1.1.83
Other,#152D44,B.1.1.84
Other,#152D44,B.1.1.86
Other,#152D44,B.1.1.87
Other,#152D44,B.1.1.88
Other,#152D44,B.1.1.89
Other,#152D44,B.1.1.90
Other,#152D44,B.1.1.91
Other,#152D44,B.1.1.92
Other,#152D44,B.1.1.93
Other,#152D44,B.1.1.95
Other,#152D44,B.1.1.97
Other,#152D44,B.1.1.98
Other,#152D44,B.1.1.99
Other,#152D44,B.1.103
Other,#152D44,B.1.104
Other,#152D44,B.1.105
Other,#152D44,B.1.106
Other,#152D44,B.1.108
Other,#152D44,B.1.110
Other,#152D44,B.1.110.1
Other,#152D44,B.1.110.2
Other,#152D44,B.1.110.3
Other,#152D44,B.1.111
Other,#152D44,B.1.112
Other,#152D44,B.1.113
Other,#152D44,B.1.115
Other,#152D44,B.1.116
Other,#152D44,B.1.117
Other,#152D44,B.1.118
Other,#152D44,B.1.119
Other,#152D44,B.1.12
Other,#152D44,B.1.120
Other,#152D44,B.1.124
Other,#152D44,B.1.126
Other,#152D44,B.1.127
Other,#152D44,B.1.128
Other,#152D44,B.1.13
Other,#152D44,B.1.131
Other,#152D44,B.1.134
Other,#152D44,B.1.137
Other,#152D44,B.1.139
Other,#152D44,B.1.14
Other,#152D44,B.1.140
Other,#152D44,B.1.142
Other,#152D44,B.1.143
Other,#152D44,B.1.145
Other,#152D44,B.1.146
Other,#152D44,B.1.147
Other,#152D44,B.1.149
Other,#152D44,B.1.151
Other,#152D44,B.1.153
Other,#152D44,B.1.157
Other,#152D44,B.1.158
Other,#152D44,B.1.159
Other,#152D44,B.1.160
Other,#152D44,B.1.160.10
Other,#152D44,B.1.160.11
Other,#152D44,B.1.160.12
Other,#152D44,B.1.160.13
Other,#152D44,B.1.160.14
Other,#152D44,B.1.160.15
Other,#152D44,B.1.160.16
Other,#152D44,B.1.160.17
Other,#152D44,B.1.160.18
Other,#152D44,B.1.160.19
Other,#152D44,B.1.160.20
Other,#152D44,B.1.160.21
Other,#152D44,B.1.160.22
Other,#152D44,B.1.160.23
Other,#152D44,B.1.160.24
Other,#152D44,B.1.160.25
Other,#152D44,B.1.160.26
Other,#152D44,B.1.160.27
Other,#152D44,B.1.160.28
Other,#152D44,B.1.160.29
Other,#152D44,B.1.160.30
Other,#152D44,B.1.160.31
Other,#152D44,B.1.160.32
Other,#152D44,B.1.160.33
Other,#152D44,B.1.160.7
Other,#152D44,B.1.160.8
Other,#152D44,B.1.160.9
Other,#152D44,B.1.161
Other,#152D44,B.1.162
Other,#152D44,B.1.163
Other,#152D44,B.1.164
Other,#152D44,B.1.165
Other,#152D44,B.1.166
Other,#152D44,B.1.167
Other,#152D44,B.1.168
Other,#152D44,B.1.169
Other,#152D44,B.1.170
Other,#152D44,B.1.173
Other,#152D44,B.1.177
Other,#152D44,B.1.177.10
Other,#152D44,B.1.177.11
Other,#152D44,B.1.177.12
Other,#152D44,B.1.177.14
Other,#152D44,B.1.177.15
Other,#152D44,B.1.177.16
Other,#152D44,B.1.177.17
Other,#152D44,B.1.177.18
Other,#152D44,B.1.177.19
Other,#152D44,B.1.177.2
Other,#152D44,B.1.177.20
Other,#152D44,B.1.177.21
Other,#152D44,B.1.177.23
Other,#152D44,B.1.177.24
Other,#152D44,B.1.177.25
Other,#152D44,B.1.177.26
Other,#152D44,B.1.177.27
Other,#152D44,B.1.177.28
Other,#152D44,B.1.177.29
Other,#152D44,B.1.177.3
Other,#152D44,B.1.177.30
Other,#152D44,B.1.177.31
Other,#152D44,B.1.177.32
Other,#152D44,B.1.177.33
Other,#152D44,B.1.177.34
Other,#152D44,B.1.177.35
Other,#152D44,B.1.177.36
Other,#152D44,B.1.177.37
Other,#152D44,B.1.177.38
Other,#152D44,B.1.177.39
Other,#152D44,B.1.177.4
Other,#152D44,B.1.177.40
Other,#152D44,B.1.177.41
Other,#152D44,B.1.177.42
Other,#152D44,B.1.177.43
Other,#152D44,B.1.177.44
Other,#152D44,B.1.177.45
Other,#152D44,B.1.177.46
Other,#152D44,B.1.177.47
Other,#152D44,B.1.177.48
Other,#152D44,B.1.177.49
Other,#152D44,B.1.177.5
Other,#152D44,B.1.177.50
Other,#152D44,B.1.177.51
Other,#152D44,B.1.177.52
Other,#152D44,B.1.177.53
Other,#152D44,B.1.177.54
Other,#152D44,B.1.177.55
Other,#152D44,B.1.177.56
Other,#152D44,B.1.177.57
Other,#152D44,B.1.177.58
Other,#152D44,B.1.177.59
Other,#152D44,B.1.177.6
Other,#152D44,B.1.177.60
Other,#152D44,B.1.177.61
Other,#152D44,B.1.177.62
Other,#152D44,B.1.177.63
Other,#152D44,B.1.177.64
Other,#152D44,B.1.177.65
Other,#152D44,B.1.177.66
Other,#152D44,B.1.177.67
Other,#152D44,B.1.177.68
Other,#152D44,B.1.177.69
Other,#152D44,B.1.177.7
Other,#152D44,B.1.177.70
Other,#152D44,B.1.177.71
Other,#152D44,B.1.177.72
Other,#152D44,B.1.177.73
Other,#152D44,B.1.177.74
Other,#152D44,B.1.177.75
Other,#152D44,B.1.177.76
Other,#152D44,B.1.177.77
Other,#152D44,B.1.177.78
Other,#152D44,B.1.177.8
Other,#152D44,B.1.177.80
Other,#152D44,B.1.177.81
Other,#152D44,B.1.177.82
Other,#152D44,B.1.177.83
Other,#152D44,B.1.177.84
Other,#152D44,B.1.177.85
Other,#152D44,B.1.177.86
Other,#152D44,B.1.177.87
Other,#152D44,B.1.177.88
Other,#152D44,B.1.177.89
Other,#152D44,B.1.177.9
Other,#152D44,B.1.178
Other,#152D44,B.1.179
Other,#152D44,B.1.180
Other,#152D44,B.1.181
Other,#152D44,B.1.182
Other,#152D44,B.1.184
Other,#152D44,B.1.187
Other,#152D44,B.1.188
Other,#152D44,B.1.189
Other,#152D44,B.1.190
Other,#152D44,B.1.192
Other,#152D44,B.1.194
Other,#152D44,B.1.195
Other,#152D44,B.1.198
Other,#152D44,B.1.199
Other,#152D44,B.1.2
Other,#152D44,B.1.201
Other,#152D44,B.1.203
Other,#152D44,B.1.205
Other,#152D44,B.1.206
Other,#152D44,B.1.208
Other,#152D44,B.1.210
Other,#152D44,B.1.211
Other,#152D44,B.1.212
Other,#152D44,B.1.213
Other,#152D44,B.1.214
Other,#152D44,B.1.214.1
Other,#152D44,B.1.214.2
Other,#152D44,B.1.214.3
Other,#152D44,B.1.214.4
Other,#152D44,B.1.215
Other,#152D44,B.1.218
Other,#152D44,B.1.219
Other,#152D44,B.1.22
Other,#152D44,B.1.22.1
Other,#152D44,B.1.220
Other,#152D44,B.1.221
Other,#152D44,B.1.221.1
Other,#152D44,B.1.221.2
Other,#152D44,B.1.221.3
Other,#152D44,B.1.221.4
Other,#152D44,B.1.222
Other,#152D44,B.1.223
Other,#152D44,B.1.224
Other,#152D44,B.1.225
Other,#152D44,B.1.227
Other,#152D44,B.1.229
Other,#152D44,B.1.23
Other,#152D44,B.1.231
Other,#152D44,B.1.232
Other,#152D44,B.1.233
Other,#152D44,B.1.234
Other,#152D44,B.1.235
Other,#152D44,B.1.236
Other,#152D44,B.1.237
Other,#152D44,B.1.238
Other,#152D44,B.1.239
Other,#152D44,B.1.240
Other,#152D44,B.1.240.1
Other,#152D44,B.1.240.2
Other,#152D44,B.1.241
Other,#152D44,B.1.242
Other,#152D44,B.1.243
Other,#152D44,B.1.243.1
Other,#152D44,B.1.243.2
Other,#152D44,B.1.245
Other,#152D44,B.1.247
Other,#152D44,B.1.248
Other,#152D44,B.1.249
Other,#152D44,B.1.250
Other,#152D44,B.1.251
Other,#152D44,B.1.252
Other,#152D44,B.1.254
Other,#152D44,B.1.256
Other,#152D44,B.1.258
Other,#152D44,B.1.258.10
Other,#152D44,B.1.258.11
Other,#152D44,B.1.258.12
Other,#152D44,B.1.258.14
Other,#152D44,B.1.258.15
Other,#152D44,B.1.258.16
Other,#152D44,B.1.258.17
Other,#152D44,B.1.258.18
Other,#152D44,B.1.258.19
Other,#152D44,B.1.258.2
Other,#152D44,B.1.258.20
Other,#152D44,B.1.258.21
Other,#152D44,B.1.258.22
Other,#152D44,B.1.258.23
Other,#152D44,B.1.258.24
Other,#152D44,B.1.258.3
Other,#152D44,B.1.258.4
Other,#152D44,B.1.258.5
Other,#152D44,B.1.258.6
Other,#152D44,B.1.258.7
Other,#152D44,B.1.258.9
Other,#152D44,B.1.260
Other,#152D44,B.1.263
Other,#152D44,B.1.264
Other,#152D44,B.1.264.1
Other,#152D44,B.1.265
Other,#152D44,B.1.267
Other,#152D44,B.1.268
Other,#152D44,B.1.270
Other,#152D44,B.1.273
Other,#152D44,B.1.274
Other,#152D44,B.1.276
Other,#152D44,B.1.277
Other,#152D44,B.1.279
Other,#152D44,B.1.280
Other,#152D44,B.1.281
Other,#152D44,B.1.282
Other,#152D44,B.1.284
Other,#152D44,B.1.285
Other,#152D44,B.1.287
Other,#152D44,B.1.289
Other,#152D44,B.1.291
Other,#152D44,B.1.292
Other,#152D44,B.1.293
Other,#152D44,B.1.294
Other,#152D44,B.1.298
Other,#152D44,B.1.3
Other,#152D44,B.1.301
Other,#152D44,B.1.302
Other,#152D44,B.1.304
Other,#152D44,B.1.305
Other,#152D44,B.1.306
Other,#152D44,B.1.308
Other,#152D44,B.1.309
Other,#152D44,B.1.310
Other,#152D44,B.1.311
Other,#152D44,B.1.313
Other,#152D44,B.1.314
Other,#152D44,B.1.315
Other,#152D44,B.1.316
Other,#152D44,B.1.318
Other,#152D44,B.1.319
Other,#152D44,B.1.320
Other,#152D44,B.1.321
Other,#152D44,B.1.323
Other,#152D44,B.1.324
Other,#152D44,B.1.325
Other,#152D44,B.1.326
Other,#152D44,B.1.328
Other,#152D44,B.1.329
Other,#152D44,B.1.330
Other,#152D44,B.1.332
Other,#152D44,B.1.333
Other,#152D44,B.1.334
Other,#152D44,B.1.335
Other,#152D44,B.1.336
Other,#152D44,B.1.337
Other,#152D44,B.1.338
Other,#152D44,B.1.340
Other,#152D44,B.1.341
Other,#152D44,B.1.342
Other,#152D44,B.1.343
Other,#152D44,B.1.344
Other,#152D44,B.1.346
Other,#152D44,B.1.348
Other,#152D44,B.1.349
Other,#152D44,B.1.35
Other,#152D44,B.1.350
Other,#152D44,B.1.350.1
Other,#152D44,B.1.351
Other,#152D44,B.1.351.1
Other,#152D44,B.1.351.2
Other,#152D44,B.1.351.3
Other,#152D44,B.1.351.5
Other,#152D44,B.1.354
Other,#152D44,B.1.355
Other,#152D44,B.1.356
Other,#152D44,B.1.357
Other,#152D44,B.1.358
Other,#152D44,B.1.359
Other,#152D44,B.1.36
Other,#152D44,B.1.36.1
Other,#152D44,B.1.36.10
Other,#152D44,B.1.36.12
Other,#152D44,B.1.36.16
Other,#152D44,B.1.36.17
Other,#152D44,B.1.36.18
Other,#152D44,B.1.36.19
Other,#152D44,B.1.36.2
Other,#152D44,B.1.36.20
Other,#152D44,B.1.36.21
Other,#152D44,B.1.36.22
Other,#152D44,B.1.36.23
Other,#152D44,B.1.36.24
Other,#152D44,B.1.36.25
Other,#152D44,B.1.36.26
Other,#152D44,B.1.36.27
Other,#152D44,B.1.36.28
Other,#152D44,B.1.36.29
Other,#152D44,B.1.36.31
Other,#152D44,B.1.36.33
Other,#152D44,B.1.36.34
Other,#152D44,B.1.36.35
Other,#152D44,B.1.36.36
Other,#152D44,B.1.36.37
Other,#152D44,B.1.36.38
Other,#152D44,B.1.36.39
Other,#152D44,B.1.36.7
Other,#152D44,B.1.36.8
Other,#152D44,B.1.36.9
Other,#152D44,B.1.360
Other,#152D44,B.1.361
Other,#152D44,B.1.362
Other,#152D44,B.1.362.1
Other,#152D44,B.1.362.2
Other,#152D44,B.1.363
Other,#152D44,B.1.366
Other,#152D44,B.1.367
Other,#152D44,B.1.369
Other,#152D44,B.1.369.1
Other,#152D44,B.1.37
Other,#152D44,B.1.370
Other,#152D44,B.1.371
Other,#152D44,B.1.372
Other,#152D44,B.1.375
Other,#152D44,B.1.377
Other,#152D44,B.1.378
Other,#152D44,B.1.379
Other,#152D44,B.1.38
Other,#152D44,B.1.380
Other,#152D44,B.1.381
Other,#152D44,B.1.382
Other,#152D44,B.1.383
Other,#152D44,B.1.384
Other,#152D44,B.1.385
Other,#152D44,B.1.387
Other,#152D44,B.1.388
Other,#152D44,B.1.389
Other,#152D44,B.1.39
Other,#152D44,B.1.390
Other,#152D44,B.1.391
Other,#152D44,B.1.393
Other,#152D44,B.1.395
Other,#152D44,B.1.396
Other,#152D44,B.1.397
Other,#152D44,B.1.398
Other,#152D44,B.1.399
Other,#152D44,B.1.40
Other,#152D44,B.1.400
Other,#152D44,B.1.400.1
Other,#152D44,B.1.401
Other,#152D44,B.1.402
Other,#152D44,B.1.403
Other,#152D44,B.1.404
Other,#152D44,B.1.405
Other,#152D44,B.1.406
Other,#152D44,B.1.407
Other,#152D44,B.1.408
Other,#152D44,B.1.409
Other,#152D44,B.1.411
Other,#152D44,B.1.413
Other,#152D44,B.1.415
Other,#152D44,B.1.415.1
Other,#152D44,B.1.416
Other,#152D44,B.1.416.1
Other,#152D44,B.1.417
Other,#152D44,B.1.418
Other,#152D44,B.1.420
Other,#152D44,B.1.421
Other,#152D44,B.1.422
Other,#152D44,B.1.423
Other,#152D44,B.1.424
Other,#152D44,B.1.425
Other,#152D44,B.1.426
Other,#152D44,B.1.427
Other,#152D44,B.1.428
Other,#152D44,B.1.428.1
Other,#152D44,B.1.428.2
Other,#152D44,B.1.428.3
Other,#152D44,B.1.429
Other,#152D44,B.1.429.1
Other,#152D44,B.1.431
Other,#152D44,B.1.432
Other,#152D44,B.1.433
Other,#152D44,B.1.434
Other,#152D44,B.1.435
Other,#152D44,B.1.436
Other,#152D44,B.1.437
Other,#152D44,B.1.438
Other,#152D44,B.1.438.1
Other,#152D44,B.1.438.2
Other,#152D44,B.1.438.3
Other,#152D44,B.1.438.4
Other,#152D44,B.1.439
Other,#152D44,B.1.44
Other,#152D44,B.1.441
Other,#152D44,B.1.442
Other,#152D44,B.1.443
Other,#152D44,B.1.444
Other,#152D44,B.1.445
Other,#152D44,B.1.446
Other,#152D44,B.1.448
Other,#152D44,B.1.450
Other,#152D44,B.1.451
Other,#152D44,B.1.452
Other,#152D44,B.1.453
Other,#152D44,B.1.456
Other,#152D44,B.1.458
Other,#152D44,B.1.459
Other,#152D44,B.1.460
Other,#152D44,B.1.462
Other,#152D44,B.1.463
Other,#152D44,B.1.465
Other,#152D44,B.1.466
Other,#152D44,B.1.466.1
Other,#152D44,B.1.466.2
Other,#152D44,B.1.467
Other,#152D44,B.1.468
Other,#152D44,B.1.469
Other,#152D44,B.1.470
Other,#152D44,B.1.471
Other,#152D44,B.1.473
Other,#152D44,B.1.474
Other,#152D44,B.1.475
Other,#152D44,B.1.476
Other,#152D44,B.1.478
Other,#152D44,B.1.479
Other,#152D44,B.1.480
Other,#152D44,B.1.482
Other,#152D44,B.1.483
Other,#152D44,B.1.485
Other,#152D44,B.1.486
Other,#152D44,B.1.487
Other,#152D44,B.1.488
Other,#152D44,B.1.489
Other,#152D44,B.1.490
Other,#152D44,B.1.491
Other,#152D44,B.1.492
Other,#152D44,B.1.493
Other,#152D44,B.1.494
Other,#152D44,B.1.495
Other,#152D44,B.1.496
Other,#152D44,B.1.497
Other,#152D44,B.1.498
Other,#152D44,B.1.499
Other,#152D44,B.1.499.1
Other,#152D44,B.1.500
Other,#152D44,B.1.501
Other,#152D44,B.1.502
Other,#152D44,B.1.503
Other,#152D44,B.1.504
Other,#152D44,B.1.505
Other,#152D44,B.1.506
Other,#152D44,B.1.507
Other,#152D44,B.1.508
Other,#152D44,B.1.509
Other,#152D44,B.1.510
Other,#152D44,B.1.511
Other,#152D44,B.1.513
Other,#152D44,B.1.515
Other,#152D44,B.1.516
Other,#152D44,B.1.517
Other,#152D44,B.1.517.1
Other,#152D44,B.1.518
Other,#152D44,B.1.520
Other,#152D44,B.1.521
Other,#152D44,B.1.523
Other,#152D44,B.1.524
Other,#152D44,B.1.525
Other,#152D44,B.1.526
Other,#152D44,B.1.527
Other,#152D44,B.1.528
Other,#152D44,B.1.529
Other,#152D44,B.1.530
Other,#152D44,B.1.531
Other,#152D44,B.1.532
Other,#152D44,B.1.533
Other,#152D44,B.1.534
Other,#152D44,B.1.535
Other,#152D44,B.1.536
Other,#152D44,B.1.537
Other,#152D44,B.1.538
Other,#152D44,B.1.539
Other,#152D44,B.1.540
Other,#152D44,B.1.541
Other,#152D44,B.1.542
Other,#152D44,B.1.543
Other,#152D44,B.1.544
Other,#152D44,B.1.545
Other,#152D44,B.1.546
Other,#152D44,B.1.547
Other,#152D44,B.1.548
Other,#152D44,B.1.549
Other,#152D44,B.1.550
Other,#152D44,B.1.551
Other,#152D44,B.1.552
Other,#152D44,B.1.554
Other,#152D44,B.1.555
Other,#152D44,B.1.556
Other,#152D44,B.1.557
Other,#152D44,B.1.558
Other,#152D44,B.1.559
Other,#152D44,B.1.560
Other,#152D44,B.1.561
Other,#152D44,B.1.562
Other,#152D44,B.1.563
Other,#152D44,B.1.564
Other,#152D44,B.1.564.1
Other,#152D44,B.1.565
Other,#152D44,B.1.566
Other,#152D44,B.1.567
Other,#152D44,B.1.568
Other,#152D44,B.1.569
Other,#152D44,B.1.570
Other,#152D44,B.1.571
Other,#152D44,B.1.572
Other,#152D44,B.1.573
Other,#152D44,B.1.574
Other,#152D44,B.1.575
Other,#152D44,B.1.575.1
Other,#152D44,B.1.575.2
Other,#152D44,B.1.576
Other,#152D44,B.1.577
Other,#152D44,B.1.578
Other,#152D44,B.1.579
Other,#152D44,B.1.580
Other,#152D44,B.1.581
Other,#152D44,B.1.582
Other,#152D44,B.1.585
Other,#152D44,B.1.586
Other,#152D44,B.1.587
Other,#152D44,B.1.588
Other,#152D44,B.1.588.1
Other,#152D44,B.1.589
Other,#152D44,B.1.590
Other,#152D44,B.1.591
Other,#152D44,B.1.592
Other,#152D44,B.1.593
Other,#152D44,B.1.594
Other,#152D44,B.1.595
Other,#152D44,B.1.595.1
Other,#152D44,B.1.595.2
Other,#152D44,B.1.595.3
Other,#152D44,B.1.595.4
Other,#152D44,B.1.596
Other,#152D44,B.1.596.1
Other,#152D44,B.1.597
Other,#152D44,B.1.598
Other,#152D44,B.1.599
Other,#152D44,B.1.6
Other,#152D44,B.1.600
Other,#152D44,B.1.601
Other,#152D44,B.1.602
Other,#152D44,B.1.603
Other,#152D44,B.1.604
Other,#152D44,B.1.605
Other,#152D44,B.1.606
Other,#152D44,B.1.607
Other,#152D44,B.1.609
Other,#152D44,B.1.610
Other,#152D44,B.1.611
Other,#152D44,B.1.612
Other,#152D44,B.1.613
Other,#152D44,B.1.614
Other,#152D44,B.1.615
Other,#152D44,B.1.616
Other,#152D44,B.1.617
Other,#152D44,B.1.617.1
B.1.617.2,#B39DDB,B.1.617.2
Other,#152D44,B.1.617.3
Other,#152D44,B.1.618